lr-AdamW,step,train_loss_phi,train_loss_psi,train_loss_omega,train_loss_tau,train_loss_CA:C:1N,train_loss_C:1N:1CA,train_loss,epoch,val_loss_phi,val_loss_psi,val_loss_omega,val_loss_tau,val_loss_CA:C:1N,val_loss_C:1N:1CA,val_loss
0.0,0,,,,,,,,,,,,,,,
,199,0.6478697657585144,0.743523895740509,0.7059752345085144,0.7146084904670715,0.7631218433380127,0.7016220688819885,0.7127869129180908,0,,,,,,,
,379,,,,,,,,0,0.6823204159736633,0.7569311857223511,0.7210054993629456,0.7004160284996033,0.7625018358230591,0.7212286591529846,0.723665714263916
5.0000000000000004e-08,380,,,,,,,,,,,,,,,
,399,0.6939747333526611,0.739527702331543,0.7351976037025452,0.6900138854980469,0.7470635175704956,0.6854066252708435,0.7151973247528076,1,,,,,,,
,599,0.6890952587127686,0.7353201508522034,0.6841399073600769,0.7041543126106262,0.7394608855247498,0.6992776989936829,0.7085747122764587,1,,,,,,,
,759,,,,,,,,1,0.6558332443237305,0.7243591547012329,0.6837902069091797,0.6545013189315796,0.7177097797393799,0.6779223680496216,0.6853729486465454
1.0000000000000001e-07,760,,,,,,,,,,,,,,,
,799,0.639786422252655,0.7268728017807007,0.6755539774894714,0.670677661895752,0.7381436824798584,0.6666033864021301,0.6862730383872986,2,,,,,,,
,999,0.5983565449714661,0.6999887824058533,0.6336693167686462,0.5956069231033325,0.6524230241775513,0.6357320547103882,0.6359627842903137,2,,,,,,,
,1139,,,,,,,,2,0.5950412154197693,0.6842808723449707,0.598650336265564,0.5624523758888245,0.6367291808128357,0.5891112685203552,0.6108606457710266
1.5000000000000002e-07,1140,,,,,,,,,,,,,,,
,1199,0.5843163132667542,0.6606083512306213,0.5974230766296387,0.5254542231559753,0.5988520979881287,0.5918230414390564,0.5930795669555664,3,,,,,,,
,1399,0.5830733776092529,0.68091881275177,0.5353866815567017,0.4890482425689697,0.5599853992462158,0.5337719917297363,0.5636974573135376,3,,,,,,,
,1519,,,,,,,,3,0.5316851735115051,0.6521705389022827,0.4885483682155609,0.4414757192134857,0.5111199617385864,0.469526082277298,0.5157750844955444
2.0000000000000002e-07,1520,,,,,,,,,,,,,,,
,1599,0.5302108526229858,0.6519612669944763,0.4797685444355011,0.4522339403629303,0.5152570009231567,0.4748269021511078,0.5173764228820801,4,,,,,,,
,1799,0.4540203809738159,0.6056122183799744,0.36780110001564026,0.3286604881286621,0.37730586528778076,0.34588536620140076,0.41321420669555664,4,,,,,,,
,1899,,,,,,,,4,0.4566246569156647,0.6181167960166931,0.3557073771953583,0.30592161417007446,0.3552212417125702,0.32995644211769104,0.40351149439811707
2.5000000000000004e-07,1900,,,,,,,,,,,,,,,
,1999,0.4417438507080078,0.6068010926246643,0.3533213436603546,0.29537680745124817,0.31040674448013306,0.3131050765514374,0.38679248094558716,5,,,,,,,
,2199,0.45472580194473267,0.6273296475410461,0.3220873773097992,0.2904781401157379,0.28558099269866943,0.31022900342941284,0.3817385137081146,5,,,,,,,
,2279,,,,,,,,5,0.42351198196411133,0.5997391939163208,0.26786038279533386,0.24387428164482117,0.24672813713550568,0.24279622733592987,0.3365113437175751
3.0000000000000004e-07,2280,,,,,,,,,,,,,,,
,2399,0.5358482599258423,0.658973217010498,0.3628180921077728,0.31540805101394653,0.322787344455719,0.33978408575057983,0.42260318994522095,6,,,,,,,
,2599,0.38093796372413635,0.578518271446228,0.24312911927700043,0.2021949142217636,0.2157478928565979,0.22147807478904724,0.3070010542869568,6,,,,,,,
,2659,,,,,,,,6,0.40042832493782043,0.5807706117630005,0.2437577247619629,0.22668762505054474,0.21994537115097046,0.22080212831497192,0.3155151307582855
3.5000000000000004e-07,2660,,,,,,,,,,,,,,,
,2799,0.5032912492752075,0.6393947601318359,0.3086988031864166,0.2832784056663513,0.26524996757507324,0.26609984040260315,0.3776688575744629,7,,,,,,,
,2999,0.36072102189064026,0.5647066831588745,0.20858453214168549,0.18656368553638458,0.1877904236316681,0.193165585398674,0.2835886478424072,7,,,,,,,
,3039,,,,,,,,7,0.39031916856765747,0.5693192481994629,0.22277261316776276,0.2017924189567566,0.20377351343631744,0.20129290223121643,0.29931771755218506
4.0000000000000003e-07,3040,,,,,,,,,,,,,,,
,3199,0.3688145577907562,0.5758447051048279,0.20326407253742218,0.1828586608171463,0.18106874823570251,0.17943847179412842,0.28188154101371765,8,,,,,,,
,3399,0.345296710729599,0.5219995975494385,0.2449026256799698,0.22862356901168823,0.2126048505306244,0.22679056227207184,0.2967029809951782,8,,,,,,,
,3419,,,,,,,,8,0.3853204548358917,0.5537226796150208,0.22171027958393097,0.20504875481128693,0.20309612154960632,0.20448949933052063,0.29394394159317017
4.5e-07,3420,,,,,,,,,,,,,,,
,3599,0.37917590141296387,0.5340868234634399,0.1899295300245285,0.19121204316616058,0.18377050757408142,0.17746597528457642,0.2759401202201843,9,,,,,,,
,3799,0.3724961280822754,0.5343489646911621,0.19868987798690796,0.17854776978492737,0.17423801124095917,0.17842021584510803,0.27279019355773926,9,,,,,,,
,3799,,,,,,,,9,0.3739761412143707,0.5387463569641113,0.2127293050289154,0.1924959123134613,0.1920357197523117,0.19237704575061798,0.2841738164424896
5.000000000000001e-07,3800,,,,,,,,,,,,,,,
,3999,0.33804357051849365,0.5300880670547485,0.17998471856117249,0.17774339020252228,0.1839592605829239,0.1856619119644165,0.2659134864807129,10,,,,,,,
,4179,,,,,,,,10,0.3700008988380432,0.5336610078811646,0.20365269482135773,0.1846509575843811,0.18076162040233612,0.18411943316459656,0.27685683965682983
5.5e-07,4180,,,,,,,,,,,,,,,
,4199,0.3559044897556305,0.539104700088501,0.19065316021442413,0.18257290124893188,0.18126864731311798,0.19113297760486603,0.2734394669532776,11,,,,,,,
,4399,0.4259478449821472,0.5362572073936462,0.23469026386737823,0.21255706250667572,0.2128264307975769,0.22587372362613678,0.30802541971206665,11,,,,,,,
,4559,,,,,,,,11,0.38780638575553894,0.5371817350387573,0.20669864118099213,0.18454042077064514,0.1799098402261734,0.1815912127494812,0.279960572719574
6.000000000000001e-07,4560,,,,,,,,,,,,,,,
,4599,0.4051280915737152,0.5634463429450989,0.19813352823257446,0.1775270402431488,0.19044291973114014,0.18755586445331573,0.28703898191452026,12,,,,,,,
,4799,0.3890613615512848,0.5428822040557861,0.22511360049247742,0.18989770114421844,0.16996505856513977,0.18495121598243713,0.2836451828479767,12,,,,,,,
,4939,,,,,,,,12,0.38530585169792175,0.5210768580436707,0.2064332813024521,0.18319734930992126,0.17931032180786133,0.18192613124847412,0.27524465322494507
6.5e-07,4940,,,,,,,,,,,,,,,
,4999,0.39580467343330383,0.5421980023384094,0.18821612000465393,0.18013085424900055,0.1772657036781311,0.18257474899291992,0.2776983678340912,13,,,,,,,
,5199,0.3471015691757202,0.46714213490486145,0.21805189549922943,0.18589577078819275,0.19320030510425568,0.18878139555454254,0.266695499420166,13,,,,,,,
,5319,,,,,,,,13,0.37113839387893677,0.508749783039093,0.1941591501235962,0.17171524465084076,0.16732896864414215,0.16913171112537384,0.2642638683319092
7.000000000000001e-07,5320,,,,,,,,,,,,,,,
,5399,0.2975451648235321,0.4500868618488312,0.1928129643201828,0.179518461227417,0.17172469198703766,0.17181384563446045,0.24391698837280273,14,,,,,,,
,5599,0.3400501012802124,0.5162160396575928,0.16925588250160217,0.1328505277633667,0.14163720607757568,0.13684521615505219,0.23947583138942719,14,,,,,,,
,5699,,,,,,,,14,0.35530203580856323,0.4882413446903229,0.18450847268104553,0.16422595083713531,0.15766994655132294,0.16122044622898102,0.25381866097450256
7.5e-07,5700,,,,,,,,,,,,,,,
,5799,0.4116789996623993,0.5427383780479431,0.19373933970928192,0.17657378315925598,0.16741512715816498,0.18030449748039246,0.2787416875362396,15,,,,,,,
,5999,0.32471752166748047,0.4375680685043335,0.1803787648677826,0.15349994599819183,0.15640230476856232,0.15944404900074005,0.235335111618042,15,,,,,,,
,6079,,,,,,,,15,0.3499012589454651,0.48089322447776794,0.18251128494739532,0.1604418158531189,0.15650330483913422,0.15787950158119202,0.2505006194114685
8.000000000000001e-07,6080,,,,,,,,,,,,,,,
,6199,0.3321463167667389,0.44696611166000366,0.18085956573486328,0.1731896996498108,0.1566520631313324,0.14743615686893463,0.2395416498184204,16,,,,,,,
,6399,0.37813690304756165,0.47321683168411255,0.18396933376789093,0.1583419144153595,0.15622642636299133,0.16282036900520325,0.25211864709854126,16,,,,,,,
,6459,,,,,,,,16,0.37275657057762146,0.48786789178848267,0.19169466197490692,0.16628746688365936,0.16165781021118164,0.1620805412530899,0.25657373666763306
8.500000000000001e-07,6460,,,,,,,,,,,,,,,
,6599,0.35019415616989136,0.45417991280555725,0.1799456626176834,0.15310078859329224,0.1509169489145279,0.15331487357616425,0.24027538299560547,17,,,,,,,
,6799,0.3443808853626251,0.4584888517856598,0.1759055256843567,0.13978542387485504,0.13490504026412964,0.13426479697227478,0.23128843307495117,17,,,,,,,
,6839,,,,,,,,17,0.35899364948272705,0.4876846969127655,0.18442198634147644,0.16075411438941956,0.15474972128868103,0.15618754923343658,0.2496183067560196
9e-07,6840,,,,,,,,,,,,,,,
,6999,0.284407377243042,0.4352043867111206,0.14303965866565704,0.12889251112937927,0.11848188191652298,0.12925797700881958,0.2065473049879074,18,,,,,,,
,7199,0.36316242814064026,0.4981299936771393,0.17677204310894012,0.15974277257919312,0.14227554202079773,0.15007202327251434,0.24835914373397827,18,,,,,,,
,7219,,,,,,,,18,0.34365716576576233,0.4713050425052643,0.1740378886461258,0.14880116283893585,0.14366044104099274,0.14624299108982086,0.23954235017299652
9.5e-07,7220,,,,,,,,,,,,,,,
,7399,0.35964351892471313,0.5146998167037964,0.19854898750782013,0.16417990624904633,0.1576802134513855,0.15032175183296204,0.2575123906135559,19,,,,,,,
,7599,0.3220827579498291,0.4510098099708557,0.1767413467168808,0.15805570781230927,0.15703193843364716,0.14888674020767212,0.2356347143650055,19,,,,,,,
,7599,,,,,,,,19,0.34613996744155884,0.470441609621048,0.17162489891052246,0.1456596702337265,0.14053945243358612,0.1424645036458969,0.23569320142269135
1.0000000000000002e-06,7600,,,,,,,,,,,,,,,
,7799,0.3101270794868469,0.4279423952102661,0.15225183963775635,0.1280749887228012,0.13282984495162964,0.12803415954113007,0.2132100760936737,20,,,,,,,
,7979,,,,,,,,20,0.34263816475868225,0.47122034430503845,0.16588111221790314,0.14119471609592438,0.13490037620067596,0.13733705878257751,0.2334389090538025
1.0500000000000001e-06,7980,,,,,,,,,,,,,,,
,7999,0.3192283511161804,0.42771434783935547,0.15504294633865356,0.13078871369361877,0.12510614097118378,0.1237821877002716,0.2136104553937912,21,,,,,,,
,8199,0.37794241309165955,0.5257863998413086,0.15382348001003265,0.13581867516040802,0.13581101596355438,0.13888588547706604,0.24467799067497253,21,,,,,,,
,8359,,,,,,,,21,0.35081735253334045,0.4777469336986542,0.1676274836063385,0.13946132361888885,0.1306251883506775,0.13388170301914215,0.23225975036621094
1.1e-06,8360,,,,,,,,,,,,,,,
,8399,0.37011125683784485,0.5000971555709839,0.17094576358795166,0.1400810033082962,0.13552746176719666,0.13814225792884827,0.24248413741588593,22,,,,,,,
,8599,0.3890810012817383,0.531452476978302,0.16219323873519897,0.14046750962734222,0.13976870477199554,0.14249806106090546,0.2509101629257202,22,,,,,,,
,8739,,,,,,,,22,0.3506236970424652,0.4713454842567444,0.1719193458557129,0.14140509068965912,0.13304908573627472,0.13558022677898407,0.23511189222335815
1.15e-06,8740,,,,,,,,,,,,,,,
,8799,0.2830260097980499,0.3877639174461365,0.14157742261886597,0.12025123089551926,0.11425845324993134,0.12159225344657898,0.19474487006664276,23,,,,,,,
,8999,0.30095377564430237,0.44015464186668396,0.15944437682628632,0.13997744023799896,0.1385670155286789,0.13389411568641663,0.2188318967819214,23,,,,,,,
,9119,,,,,,,,23,0.3325961232185364,0.45873546600341797,0.16078098118305206,0.1311185508966446,0.12400226294994354,0.12537364661693573,0.22182711958885193
1.2000000000000002e-06,9120,,,,,,,,,,,,,,,
,9199,0.39557063579559326,0.5044907927513123,0.17617323994636536,0.13792939484119415,0.13065709173679352,0.13957060873508453,0.24739861488342285,24,,,,,,,
,9399,0.40402430295944214,0.5632652640342712,0.16477841138839722,0.15784595906734467,0.14488226175308228,0.14498448371887207,0.26329681277275085,24,,,,,,,
,9499,,,,,,,,24,0.34819158911705017,0.4655624330043793,0.1625777781009674,0.12912316620349884,0.12097447365522385,0.12185744941234589,0.22507420182228088
1.25e-06,9500,,,,,,,,,,,,,,,
,9599,0.4037322402000427,0.49732789397239685,0.2519283592700958,0.17880204319953918,0.16749075055122375,0.1735667586326599,0.27880799770355225,25,,,,,,,
,9799,0.36371785402297974,0.4286920726299286,0.201477512717247,0.1534498929977417,0.1441746950149536,0.14584115147590637,0.2395588755607605,25,,,,,,,
,9879,,,,,,,,25,0.32992926239967346,0.45349904894828796,0.1562710702419281,0.1248808279633522,0.11507968604564667,0.11703713238239288,0.21783661842346191
1.3e-06,9880,,,,,,,,,,,,,,,
,9999,0.43231135606765747,0.5194942951202393,0.1665804386138916,0.1433730274438858,0.12567727267742157,0.12118250131607056,0.2514364719390869,26,,,,,,,
,10199,0.2888542711734772,0.42754068970680237,0.11853842437267303,0.09822464734315872,0.0981321930885315,0.10150165855884552,0.1887986660003662,26,,,,,,,
,10259,,,,,,,,26,0.33222827315330505,0.4463618993759155,0.1431606560945511,0.1106918603181839,0.10277797281742096,0.1042100116610527,0.2076227068901062
1.35e-06,10260,,,,,,,,,,,,,,,
,10399,0.28407326340675354,0.4179837703704834,0.13106326758861542,0.11459974944591522,0.1079215332865715,0.1030297577381134,0.19311189651489258,27,,,,,,,
,10599,0.2958374321460724,0.3952997922897339,0.1775660216808319,0.12473113089799881,0.12715616822242737,0.11711553484201431,0.20628434419631958,27,,,,,,,
,10639,,,,,,,,27,0.3383089303970337,0.4473689794540405,0.14600345492362976,0.10774208605289459,0.09819822758436203,0.10063711553812027,0.2066471129655838
1.4000000000000001e-06,10640,,,,,,,,,,,,,,,
,10799,0.34269627928733826,0.436894953250885,0.15716452896595,0.12067446112632751,0.10648588836193085,0.11428839713335037,0.21303407847881317,28,,,,,,,
,10999,0.3478126525878906,0.4470841884613037,0.1374669075012207,0.09068276733160019,0.08149874955415726,0.08681663125753403,0.19856032729148865,28,,,,,,,
,11019,,,,,,,,28,0.3238120973110199,0.43606582283973694,0.12573803961277008,0.0879848450422287,0.07940066605806351,0.08090876787900925,0.18974418938159943
1.45e-06,11020,,,,,,,,,,,,,,,
,11199,0.4273647665977478,0.5012229084968567,0.17680783569812775,0.13910219073295593,0.13175956904888153,0.13312000036239624,0.2515628933906555,29,,,,,,,
,11399,0.33641788363456726,0.42047491669654846,0.13767096400260925,0.0959312915802002,0.07655811309814453,0.08120792359113693,0.19137685000896454,29,,,,,,,
,11399,,,,,,,,29,0.3169085383415222,0.43187910318374634,0.10584867745637894,0.06940973550081253,0.061517514288425446,0.06479070335626602,0.17542827129364014
1.5e-06,11400,,,,,,,,,,,,,,,
,11599,0.29114383459091187,0.41842392086982727,0.08948307484388351,0.07269129902124405,0.07224936038255692,0.07108956575393677,0.16918018460273743,30,,,,,,,
,11779,,,,,,,,30,0.3198392689228058,0.4278644025325775,0.10795477777719498,0.07179993391036987,0.06182258576154709,0.06462156772613525,0.17759636044502258
1.55e-06,11780,,,,,,,,,,,,,,,
,11799,0.3340701162815094,0.4635290801525116,0.11569654941558838,0.07412651926279068,0.06423910707235336,0.07191089540719986,0.18726204335689545,31,,,,,,,
,11999,0.2375916987657547,0.34808388352394104,0.08787695318460464,0.055365052074193954,0.057234026491642,0.05958349257707596,0.140955850481987,31,,,,,,,
,12159,,,,,,,,31,0.30546411871910095,0.40808340907096863,0.09856951981782913,0.06371455639600754,0.05382566526532173,0.05671614035964012,0.16449643671512604
1.6000000000000001e-06,12160,,,,,,,,,,,,,,,
,12199,0.29074153304100037,0.3976077139377594,0.07890752702951431,0.058098483830690384,0.049713827669620514,0.057269640266895294,0.15538978576660156,32,,,,,,,
,12399,0.35798922181129456,0.46035870909690857,0.14205124974250793,0.08885736763477325,0.0688849687576294,0.07009430229663849,0.19803932309150696,32,,,,,,,
,12539,,,,,,,,32,0.2945478856563568,0.39337241649627686,0.08860916644334793,0.05368269979953766,0.04361638426780701,0.04673262685537338,0.15269435942173004
1.65e-06,12540,,,,,,,,,,,,,,,
,12599,0.3327556252479553,0.4311707317829132,0.09918703138828278,0.06572476029396057,0.053212422877550125,0.05786202847957611,0.1733187735080719,33,,,,,,,
,12799,0.2850697338581085,0.379525750875473,0.08265595138072968,0.061691030859947205,0.05792008340358734,0.06045563891530037,0.15455304086208344,33,,,,,,,
,12919,,,,,,,,33,0.29893210530281067,0.38970112800598145,0.09249628335237503,0.055624671280384064,0.04505780711770058,0.049231238663196564,0.1565057337284088
1.7000000000000002e-06,12920,,,,,,,,,,,,,,,
,12999,0.3200191259384155,0.4163462519645691,0.08970485627651215,0.0686081051826477,0.05653475597500801,0.05372117832303047,0.16748905181884766,34,,,,,,,
,13199,0.32231369614601135,0.39996424317359924,0.1887466162443161,0.1050901859998703,0.09326048940420151,0.09507965296506882,0.20074248313903809,34,,,,,,,
,13299,,,,,,,,34,0.29166895151138306,0.38635534048080444,0.0861525684595108,0.05084839463233948,0.039580732583999634,0.04376990348100662,0.15027226507663727
1.7500000000000002e-06,13300,,,,,,,,,,,,,,,
,13399,0.33882859349250793,0.44517478346824646,0.1036284938454628,0.06476502120494843,0.05039770156145096,0.049245595932006836,0.17534004151821136,35,,,,,,,
,13599,0.37116649746894836,0.4584321081638336,0.14105729758739471,0.09529874473810196,0.07685805857181549,0.08260809630155563,0.20423680543899536,35,,,,,,,
,13679,,,,,,,,35,0.2965591549873352,0.3900730013847351,0.09264162927865982,0.05530613288283348,0.04313061013817787,0.04762354865670204,0.15361197292804718
1.8e-06,13680,,,,,,,,,,,,,,,
,13799,0.3205220103263855,0.43005529046058655,0.12587912380695343,0.06203188747167587,0.04642067849636078,0.05567549541592598,0.17343077063560486,36,,,,,,,
,13999,0.3483888506889343,0.42659226059913635,0.13735735416412354,0.06291283667087555,0.056012678891420364,0.058616869151592255,0.18164680898189545,36,,,,,,,
,14059,,,,,,,,36,0.29457148909568787,0.38517504930496216,0.0926661267876625,0.05375983193516731,0.040741369128227234,0.04543369263410568,0.1532798856496811
1.85e-06,14060,,,,,,,,,,,,,,,
,14199,0.2650548219680786,0.3880963921546936,0.10391318053007126,0.05389728397130966,0.04378208890557289,0.047788895666599274,0.1504221111536026,37,,,,,,,
,14399,0.22778496146202087,0.33100414276123047,0.08766331523656845,0.06244947016239166,0.051371730864048004,0.061416108161211014,0.13694828748703003,37,,,,,,,
,14439,,,,,,,,37,0.2878888249397278,0.3726594150066376,0.08862116187810898,0.05060168728232384,0.038159944117069244,0.042549051344394684,0.1474997103214264
1.9e-06,14440,,,,,,,,,,,,,,,
,14599,0.2906959056854248,0.41189542412757874,0.1339203119277954,0.062254197895526886,0.04452842101454735,0.055762991309165955,0.16650953888893127,38,,,,,,,
,14799,0.2119596302509308,0.3308943808078766,0.064092256128788,0.03419981896877289,0.03376634046435356,0.03520016372203827,0.11835210025310516,38,,,,,,,
,14819,,,,,,,,38,0.29299044609069824,0.38160955905914307,0.08437596261501312,0.04479951784014702,0.03334323689341545,0.03782244399189949,0.1476554125547409
1.95e-06,14820,,,,,,,,,,,,,,,
,14999,0.250540167093277,0.3477543592453003,0.06788001954555511,0.05967850610613823,0.04221261292695999,0.04617355391383171,0.13570654392242432,39,,,,,,,
,15199,0.30519428849220276,0.3707108497619629,0.09098105877637863,0.07510317116975784,0.06458951532840729,0.06477755308151245,0.16189274191856384,39,,,,,,,
,15199,,,,,,,,39,0.29309096932411194,0.3783486485481262,0.0869971439242363,0.050554610788822174,0.03609359264373779,0.041272833943367004,0.14758451282978058
2.0000000000000003e-06,15200,,,,,,,,,,,,,,,
,15399,0.29555875062942505,0.39992302656173706,0.07108283787965775,0.06047190725803375,0.04190792888402939,0.05138334631919861,0.15338796377182007,40,,,,,,,
,15579,,,,,,,,40,0.2929055392742157,0.3764531910419464,0.0927576795220375,0.05340937152504921,0.03762742877006531,0.04284917935729027,0.15161968767642975
2.0500000000000003e-06,15580,,,,,,,,,,,,,,,
,15599,0.3143845200538635,0.40270161628723145,0.06565530598163605,0.03611435741186142,0.02816522680222988,0.03036828525364399,0.14623156189918518,41,,,,,,,
,15799,0.3352639377117157,0.40293124318122864,0.09468430280685425,0.044188208878040314,0.0342661514878273,0.03665723279118538,0.15799851715564728,41,,,,,,,
,15959,,,,,,,,41,0.2827460467815399,0.36505740880966187,0.0856587365269661,0.047892265021800995,0.03301844745874405,0.03745294362306595,0.14272092282772064
2.1000000000000002e-06,15960,,,,,,,,,,,,,,,
,15999,0.3737390637397766,0.42747560143470764,0.14856885373592377,0.12337994575500488,0.08110325783491135,0.08811521530151367,0.20706366002559662,42,,,,,,,
,16199,0.30682334303855896,0.3605130910873413,0.11649427562952042,0.05201996490359306,0.03893064707517624,0.042854491621255875,0.1529393047094345,42,,,,,,,
,16339,,,,,,,,42,0.29412174224853516,0.3741985261440277,0.09289984405040741,0.05030626431107521,0.03385939821600914,0.039652928709983826,0.14806896448135376
2.1499999999999997e-06,16340,,,,,,,,,,,,,,,
,16399,0.34096282720565796,0.42877015471458435,0.11792423576116562,0.09043172001838684,0.05512259155511856,0.06590628623962402,0.18318629264831543,43,,,,,,,
,16599,0.34896519780158997,0.41013771295547485,0.10173511505126953,0.05354172736406326,0.038797348737716675,0.03731895610690117,0.1650826781988144,43,,,,,,,
,16719,,,,,,,,43,0.2876443862915039,0.3636285364627838,0.08819431811571121,0.04987751320004463,0.03450251743197441,0.04012077674269676,0.1449725329875946
2.2e-06,16720,,,,,,,,,,,,,,,
,16799,0.27751490473747253,0.4203605651855469,0.05952904373407364,0.02447156049311161,0.022853462025523186,0.024771038442850113,0.13825009763240814,44,,,,,,,
,16999,0.3192053437232971,0.3979518711566925,0.09433204680681229,0.06095011904835701,0.03376822546124458,0.04397910460829735,0.1583644598722458,44,,,,,,,
,17099,,,,,,,,44,0.28048837184906006,0.3636647164821625,0.08510594815015793,0.045979250222444534,0.030439551919698715,0.03598160296678543,0.14126718044281006
2.25e-06,17100,,,,,,,,,,,,,,,
,17199,0.20560379326343536,0.30880430340766907,0.03180331736803055,0.02814316563308239,0.023613760247826576,0.025049613788723946,0.10383632779121399,45,,,,,,,
,17399,0.28753021359443665,0.37579482793807983,0.1066495031118393,0.05657906457781792,0.04368176311254501,0.05012007802724838,0.15339258313179016,45,,,,,,,
,17479,,,,,,,,45,0.2893965542316437,0.36509957909584045,0.08211348950862885,0.0430971197783947,0.02824527584016323,0.032858800143003464,0.14214971661567688
2.3e-06,17480,,,,,,,,,,,,,,,
,17599,0.31590715050697327,0.38862696290016174,0.08269351720809937,0.052348725497722626,0.03898464888334274,0.04465401545166969,0.15386918187141418,46,,,,,,,
,17799,0.40779075026512146,0.45894384384155273,0.18298247456550598,0.10976948589086533,0.07279405742883682,0.08802025765180588,0.2200501412153244,46,,,,,,,
,17859,,,,,,,,46,0.28958290815353394,0.36775949597358704,0.0854547992348671,0.04377973824739456,0.027866914868354797,0.03339158371090889,0.14111322164535522
2.35e-06,17860,,,,,,,,,,,,,,,
,17999,0.20236504077911377,0.3021131753921509,0.037123903632164,0.024394292384386063,0.022345593199133873,0.02347756363451481,0.10196992754936218,47,,,,,,,
,18199,0.13569843769073486,0.24036921560764313,0.05545486882328987,0.029590334743261337,0.020538924261927605,0.02613692544400692,0.08463145792484283,47,,,,,,,
,18239,,,,,,,,47,0.2937034070491791,0.36673933267593384,0.0874212384223938,0.0461399145424366,0.029444830492138863,0.03504205495119095,0.1438106894493103
2.4000000000000003e-06,18240,,,,,,,,,,,,,,,
,18399,0.24097473919391632,0.30241119861602783,0.08805340528488159,0.0510190986096859,0.03284791484475136,0.04290173947811127,0.12636803090572357,48,,,,,,,
,18599,0.37150663137435913,0.42070645093917847,0.20734389126300812,0.1116907075047493,0.09055475145578384,0.10630358010530472,0.21801766753196716,48,,,,,,,
,18619,,,,,,,,48,0.28655806183815,0.3600807189941406,0.08311113715171814,0.042702022939920425,0.027784429490566254,0.03249633312225342,0.14029507339000702
2.4500000000000003e-06,18620,,,,,,,,,,,,,,,
,18799,0.2941432595252991,0.36908844113349915,0.11505791544914246,0.07569976896047592,0.048028577119112015,0.0573425255715847,0.15989342331886292,49,,,,,,,
,18999,0.2960685193538666,0.3589957058429718,0.08504889905452728,0.0443437322974205,0.028245463967323303,0.03130535036325455,0.14066794514656067,49,,,,,,,
,18999,,,,,,,,49,0.29069384932518005,0.36592134833335876,0.08431066572666168,0.04396359249949455,0.02731924317777157,0.032716698944568634,0.14129044115543365
2.5e-06,19000,,,,,,,,,,,,,,,
,19199,0.21872876584529877,0.31811633706092834,0.05517347902059555,0.02634630911052227,0.023437954485416412,0.022362852469086647,0.1106942817568779,50,,,,,,,
,19379,,,,,,,,50,0.2825625240802765,0.3600872755050659,0.0851048082113266,0.04650647193193436,0.030530231073498726,0.03573285788297653,0.1415790617465973
2.55e-06,19380,,,,,,,,,,,,,,,
,19399,0.3034823536872864,0.39518919587135315,0.08953981101512909,0.06592752039432526,0.04664372652769089,0.04587464779615402,0.15777620673179626,51,,,,,,,
,19599,0.24959410727024078,0.33633753657341003,0.06320250779390335,0.04486962780356407,0.03596894443035126,0.03825843334197998,0.12803852558135986,51,,,,,,,
,19759,,,,,,,,51,0.27437397837638855,0.3504291772842407,0.07847890257835388,0.04082294553518295,0.024832582101225853,0.02985232323408127,0.13463571667671204
2.6e-06,19760,,,,,,,,,,,,,,,
,19799,0.2487354576587677,0.2919595241546631,0.04413352906703949,0.025447439402341843,0.019288374111056328,0.024965060874819756,0.109088234603405,52,,,,,,,
,19999,0.34691908955574036,0.4224121868610382,0.10627603530883789,0.0680164247751236,0.043405476957559586,0.04733792319893837,0.1723945140838623,52,,,,,,,
,20139,,,,,,,,52,0.27933433651924133,0.35783395171165466,0.07946760207414627,0.0398981086909771,0.02427690662443638,0.029054813086986542,0.13498938083648682
2.65e-06,20140,,,,,,,,,,,,,,,
,20199,0.300666481256485,0.3766731917858124,0.05656519904732704,0.029814939945936203,0.02249094657599926,0.025736628100275993,0.13532456755638123,53,,,,,,,
,20399,0.2785070538520813,0.36283981800079346,0.06753607094287872,0.043434128165245056,0.03253231197595596,0.0416344553232193,0.13774730265140533,53,,,,,,,
,20519,,,,,,,,53,0.28333255648612976,0.35275548696517944,0.08724448829889297,0.04647289216518402,0.02828451432287693,0.03369700163602829,0.13902223110198975
2.7e-06,20520,,,,,,,,,,,,,,,
,20599,0.23413671553134918,0.3145054578781128,0.0661872923374176,0.023568065837025642,0.02163517102599144,0.020718462765216827,0.1134585291147232,54,,,,,,,
,20799,0.2299034744501114,0.3039419651031494,0.05676114931702614,0.029957246035337448,0.02014521323144436,0.02381749637424946,0.11075442284345627,54,,,,,,,
,20899,,,,,,,,54,0.27215346693992615,0.3447321951389313,0.07568500936031342,0.03763745352625847,0.022487908601760864,0.027225138619542122,0.13070876896381378
2.7500000000000004e-06,20900,,,,,,,,,,,,,,,
,20999,0.28413987159729004,0.35259926319122314,0.1288430392742157,0.07727433741092682,0.051211878657341,0.062017567455768585,0.15934766829013824,55,,,,,,,
,21199,0.23518313467502594,0.3213774859905243,0.05380149558186531,0.036186981946229935,0.020052563399076462,0.024619678035378456,0.11520355939865112,55,,,,,,,
,21279,,,,,,,,55,0.2806118428707123,0.35878995060920715,0.08122482895851135,0.04194306954741478,0.024238796904683113,0.029353823512792587,0.13632000982761383
2.8000000000000003e-06,21280,,,,,,,,,,,,,,,
,21399,0.25816550850868225,0.33747684955596924,0.05779130011796951,0.03718489408493042,0.02325838804244995,0.029714347794651985,0.123931884765625,56,,,,,,,
,21599,0.2949606478214264,0.38327106833457947,0.08110930025577545,0.05483845993876457,0.0388852097094059,0.04258464649319649,0.14927490055561066,56,,,,,,,
,21659,,,,,,,,56,0.2704353630542755,0.3453216254711151,0.07473592460155487,0.03683577850461006,0.02207212522625923,0.02646033652126789,0.1300238072872162
2.8500000000000002e-06,21660,,,,,,,,,,,,,,,
,21799,0.18053080141544342,0.27990034222602844,0.035517677664756775,0.017825735732913017,0.015420117415487766,0.01811297796666622,0.09121794998645782,57,,,,,,,
,21999,0.3573622703552246,0.4037494659423828,0.09616843611001968,0.054367657750844955,0.031435526907444,0.0405861958861351,0.16394492983818054,57,,,,,,,
,22039,,,,,,,,57,0.28109195828437805,0.3532472252845764,0.07907002419233322,0.04037218913435936,0.024345949292182922,0.02885054051876068,0.1349382996559143
2.9e-06,22040,,,,,,,,,,,,,,,
,22199,0.2682630121707916,0.36629754304885864,0.1386202722787857,0.06946656852960587,0.050884753465652466,0.05580989271402359,0.15822367370128632,58,,,,,,,
,22399,0.2964572310447693,0.35163697600364685,0.11451535671949387,0.06290090084075928,0.03403385728597641,0.047837141901254654,0.15123024582862854,58,,,,,,,
,22419,,,,,,,,58,0.2741723358631134,0.345522940158844,0.07803614437580109,0.03867179900407791,0.022698359563946724,0.027614405378699303,0.1305970996618271
2.95e-06,22420,,,,,,,,,,,,,,,
,22599,0.25961193442344666,0.35373207926750183,0.11816751211881638,0.06950011104345322,0.051593661308288574,0.053567733615636826,0.1510288417339325,59,,,,,,,
,22799,0.29584231972694397,0.3866790235042572,0.08532659709453583,0.040308110415935516,0.027685079723596573,0.034987032413482666,0.14513802528381348,59,,,,,,,
,22799,,,,,,,,59,0.26713570952415466,0.3469863533973694,0.07593004405498505,0.039153143763542175,0.023040980100631714,0.02881968952715397,0.13066443800926208
3e-06,22800,,,,,,,,,,,,,,,
,22999,0.34566453099250793,0.3801741600036621,0.1768064647912979,0.08295424282550812,0.05932840332388878,0.07166871428489685,0.18609943985939026,60,,,,,,,
,23179,,,,,,,,60,0.2647768259048462,0.34126386046409607,0.06476446986198425,0.030082935467362404,0.016755955293774605,0.02077152393758297,0.12345337867736816
3.05e-06,23180,,,,,,,,,,,,,,,
,23199,0.2607528865337372,0.3286787271499634,0.04845689982175827,0.034861285239458084,0.020607562735676765,0.023855620995163918,0.11953549832105637,61,,,,,,,
,23399,0.32578209042549133,0.38801175355911255,0.10302740335464478,0.05090666934847832,0.029456980526447296,0.04197218641638756,0.15652617812156677,61,,,,,,,
,23559,,,,,,,,61,0.27659308910369873,0.35141119360923767,0.07960720360279083,0.0401984266936779,0.023130763322114944,0.027984777465462685,0.13358138501644135
3.1e-06,23560,,,,,,,,,,,,,,,
,23599,0.30126136541366577,0.36059653759002686,0.09995924681425095,0.07393999397754669,0.037937283515930176,0.04582939296960831,0.153253972530365,62,,,,,,,
,23799,0.2972317934036255,0.36471816897392273,0.07674415409564972,0.026588434353470802,0.01968284323811531,0.023585187271237373,0.13475844264030457,62,,,,,,,
,23939,,,,,,,,62,0.27280452847480774,0.3458893597126007,0.07194429636001587,0.033586420118808746,0.01888265646994114,0.023262161761522293,0.12862960994243622
3.1500000000000003e-06,23940,,,,,,,,,,,,,,,
,23999,0.3500245213508606,0.4091412127017975,0.17941607534885406,0.09372276067733765,0.06855461746454239,0.08604537695646286,0.19781742990016937,63,,,,,,,
,24199,0.2935393750667572,0.3785167932510376,0.07231610268354416,0.03436356782913208,0.028498714789748192,0.029089171439409256,0.13938729465007782,63,,,,,,,
,24319,,,,,,,,63,0.27853384613990784,0.35462164878845215,0.07934019714593887,0.041649557650089264,0.022340092808008194,0.028354456648230553,0.1363428831100464
3.2000000000000003e-06,24320,,,,,,,,,,,,,,,
,24399,0.3308667242527008,0.40282100439071655,0.15717999637126923,0.09663013368844986,0.05776212364435196,0.06995917111635208,0.18586985766887665,64,,,,,,,
,24599,0.282387912273407,0.34224867820739746,0.04979553818702698,0.02329447492957115,0.017409969121217728,0.018823355436325073,0.12232666462659836,64,,,,,,,
,24699,,,,,,,,64,0.26150453090667725,0.33405566215515137,0.07710903882980347,0.03966217488050461,0.021880965679883957,0.027947109192609787,0.12862831354141235
3.2500000000000002e-06,24700,,,,,,,,,,,,,,,
,24799,0.2106667309999466,0.3069441616535187,0.06226459890604019,0.027917299419641495,0.0220160074532032,0.022273249924182892,0.10868033766746521,65,,,,,,,
,24999,0.21710772812366486,0.3097492754459381,0.036946699023246765,0.03367486596107483,0.015456735156476498,0.02015504613518715,0.10551505535840988,65,,,,,,,
,25079,,,,,,,,65,0.2692716419696808,0.34379690885543823,0.0762096494436264,0.03793352469801903,0.02086143009364605,0.025980263948440552,0.130976602435112
3.3e-06,25080,,,,,,,,,,,,,,,
,25199,0.2405974119901657,0.3281072974205017,0.06510388851165771,0.031560562551021576,0.022030498832464218,0.022335082292556763,0.11828911304473877,66,,,,,,,
,25399,0.3452056646347046,0.3941124975681305,0.12111782282590866,0.08559922128915787,0.06682898849248886,0.0728759765625,0.18095670640468597,66,,,,,,,
,25459,,,,,,,,66,0.2710190713405609,0.3419755697250366,0.07553922384977341,0.03704967349767685,0.020362963899970055,0.025316817685961723,0.12887589633464813
3.3500000000000005e-06,25460,,,,,,,,,,,,,,,
,25599,0.2727334797382355,0.3577042520046234,0.09577366709709167,0.06577052175998688,0.04622286930680275,0.05014811083674431,0.14805881679058075,67,,,,,,,
,25799,0.2737194895744324,0.3273017108440399,0.052704934030771255,0.028784584254026413,0.01913341134786606,0.02133503183722496,0.12049652636051178,67,,,,,,,
,25839,,,,,,,,67,0.2741551101207733,0.3456427752971649,0.07290268689393997,0.0345313586294651,0.019037345424294472,0.023063478991389275,0.12857946753501892
3.4000000000000005e-06,25840,,,,,,,,,,,,,,,
,25999,0.3051866888999939,0.4013584852218628,0.08198133856058121,0.05798792839050293,0.025351550430059433,0.032140083611011505,0.15066766738891602,68,,,,,,,
,26199,0.3099238872528076,0.3809097111225128,0.0552932508289814,0.0331486277282238,0.02125897817313671,0.021389717236161232,0.1369873732328415,68,,,,,,,
,26219,,,,,,,,68,0.27557915449142456,0.3471001088619232,0.07231207191944122,0.03516966104507446,0.019365593791007996,0.023846736177802086,0.13012632727622986
3.4500000000000004e-06,26220,,,,,,,,,,,,,,,
,26399,0.3376130163669586,0.3920280933380127,0.09402019530534744,0.05402223765850067,0.03254036232829094,0.036743562668561935,0.15782791376113892,69,,,,,,,
,26599,0.1767505407333374,0.2752416431903839,0.038286253809928894,0.016611995175480843,0.015774065628647804,0.016926370561122894,0.08993181586265564,69,,,,,,,
,26599,,,,,,,,69,0.27386465668678284,0.3469108045101166,0.08250906318426132,0.04188869521021843,0.023424604907631874,0.029060915112495422,0.13322609663009644
3.5000000000000004e-06,26600,,,,,,,,,,,,,,,
,26799,0.36436837911605835,0.4131142795085907,0.08760029077529907,0.04418544843792915,0.02603728696703911,0.029524443671107292,0.16080503165721893,70,,,,,,,
,26979,,,,,,,,70,0.2790173590183258,0.34968137741088867,0.08062733709812164,0.03883253037929535,0.021291492506861687,0.026673056185245514,0.13061460852622986
3.55e-06,26980,,,,,,,,,,,,,,,
,26999,0.32884424924850464,0.4137636423110962,0.11610569059848785,0.06479276716709137,0.057452600449323654,0.06327071040868759,0.17403827607631683,71,,,,,,,
,27199,0.23362447321414948,0.3061363697052002,0.0667949989438057,0.025312146171927452,0.019503898918628693,0.01994635909795761,0.11188638210296631,71,,,,,,,
,27359,,,,,,,,71,0.2884848415851593,0.35414573550224304,0.08572694659233093,0.044113289564847946,0.023813972249627113,0.030355436727404594,0.13740000128746033
3.6e-06,27360,,,,,,,,,,,,,,,
,27399,0.3274955749511719,0.3756569027900696,0.11593301594257355,0.0550772063434124,0.03242028132081032,0.036023423075675964,0.1571010798215866,72,,,,,,,
,27599,0.3653053045272827,0.39745965600013733,0.07528670877218246,0.051599979400634766,0.027228115126490593,0.031887006014585495,0.1581278145313263,72,,,,,,,
,27739,,,,,,,,72,0.28268134593963623,0.3554278016090393,0.08974921703338623,0.04961604252457619,0.02730668894946575,0.03475714102387428,0.1403563916683197
3.6499999999999998e-06,27740,,,,,,,,,,,,,,,
,27799,0.17823432385921478,0.25627726316452026,0.0453282967209816,0.033253733068704605,0.024089721962809563,0.03086242265999317,0.09467430412769318,73,,,,,,,
,27999,0.28738778829574585,0.33469319343566895,0.12255650758743286,0.08158344775438309,0.05457538366317749,0.06346413493156433,0.1573767513036728,73,,,,,,,
,28119,,,,,,,,73,0.279978483915329,0.347842276096344,0.08132132142782211,0.04284319654107094,0.022577323019504547,0.028696618974208832,0.13479158282279968
3.7e-06,28120,,,,,,,,,,,,,,,
,28199,0.1740715503692627,0.272423654794693,0.02266606129705906,0.01706758886575699,0.011220965534448624,0.012609683908522129,0.08500991761684418,74,,,,,,,
,28399,0.2511860132217407,0.34891656041145325,0.09324685484170914,0.08007543534040451,0.0640062689781189,0.07056968659162521,0.15133348107337952,74,,,,,,,
,28499,,,,,,,,74,0.264009028673172,0.33854836225509644,0.07553283870220184,0.037552621215581894,0.019995279610157013,0.025307387113571167,0.12586724758148193
3.75e-06,28500,,,,,,,,,,,,,,,
,28599,0.3727206885814667,0.42643842101097107,0.13198517262935638,0.08277128636837006,0.06145254522562027,0.06261585652828217,0.18966399133205414,75,,,,,,,
,28799,0.21417877078056335,0.31523510813713074,0.0314277783036232,0.014264843426644802,0.013705375604331493,0.014170159585773945,0.10049700736999512,75,,,,,,,
,28879,,,,,,,,75,0.27486515045166016,0.343698650598526,0.07618745416402817,0.03687574714422226,0.019005127251148224,0.023967698216438293,0.12883737683296204
3.8e-06,28880,,,,,,,,,,,,,,,
,28999,0.2888970673084259,0.3722953200340271,0.1091359555721283,0.08652234822511673,0.05146162956953049,0.05818314105272293,0.16108259558677673,76,,,,,,,
,29199,0.26733484864234924,0.3100186884403229,0.05804479122161865,0.03189942240715027,0.01937573403120041,0.021638359874486923,0.11805199086666107,76,,,,,,,
,29259,,,,,,,,76,0.27449801564216614,0.34531527757644653,0.07730540633201599,0.04027411341667175,0.02216050960123539,0.027180608361959457,0.13147348165512085
3.85e-06,29260,,,,,,,,,,,,,,,
,29399,0.3503861129283905,0.4123212695121765,0.1507408320903778,0.11548864096403122,0.07003476470708847,0.09097190201282501,0.19832393527030945,77,,,,,,,
,29599,0.27728044986724854,0.32718968391418457,0.0529993399977684,0.030181599780917168,0.01950317621231079,0.026013672351837158,0.12219466269016266,77,,,,,,,
,29639,,,,,,,,77,0.26484543085098267,0.3394438922405243,0.07348059117794037,0.0367329902946949,0.018606562167406082,0.02415071614086628,0.12687677145004272
3.9e-06,29640,,,,,,,,,,,,,,,
,29799,0.28944912552833557,0.36260050535202026,0.0715874582529068,0.030410798266530037,0.021982628852128983,0.027291428297758102,0.13388699293136597,78,,,,,,,
,29999,0.31299689412117004,0.37992367148399353,0.08343546837568283,0.038592446595430374,0.022563407197594643,0.0286390520632267,0.14435848593711853,78,,,,,,,
,30019,,,,,,,,78,0.268050879240036,0.343555212020874,0.0732269361615181,0.03590566664934158,0.018547000363469124,0.023776916787028313,0.12685272097587585
3.95e-06,30020,,,,,,,,,,,,,,,
,30199,0.20822939276695251,0.280263215303421,0.0716794803738594,0.03369586169719696,0.02609821781516075,0.028754709288477898,0.1081201583147049,79,,,,,,,
,30399,0.2649981677532196,0.36696290969848633,0.06542126834392548,0.057526636868715286,0.021328875795006752,0.02490704320371151,0.13352416455745697,79,,,,,,,
,30399,,,,,,,,79,0.2743627727031708,0.34312793612480164,0.0807262510061264,0.041904646903276443,0.021926483139395714,0.027873622253537178,0.13108552992343903
4.000000000000001e-06,30400,,,,,,,,,,,,,,,
,30599,0.31272032856941223,0.36537206172943115,0.0951484814286232,0.05341165140271187,0.031687043607234955,0.03408541530370712,0.14873751997947693,80,,,,,,,
,30779,,,,,,,,80,0.26722052693367004,0.3392906188964844,0.0730467215180397,0.03587633743882179,0.01816297508776188,0.02303439751267433,0.12560050189495087
4.05e-06,30780,,,,,,,,,,,,,,,
,30799,0.33039820194244385,0.3989296853542328,0.10601753741502762,0.047032009810209274,0.031387533992528915,0.03887392207980156,0.15877315402030945,81,,,,,,,
,30999,0.34841760993003845,0.3915444016456604,0.08533288538455963,0.04011496156454086,0.026116209104657173,0.03469545766711235,0.1543702483177185,81,,,,,,,
,31159,,,,,,,,81,0.27248650789260864,0.34471914172172546,0.07657413184642792,0.037757568061351776,0.019816230982542038,0.025205403566360474,0.12981832027435303
4.1000000000000006e-06,31160,,,,,,,,,,,,,,,
,31199,0.31269150972366333,0.37070637941360474,0.12140211462974548,0.07577124983072281,0.040353432297706604,0.0536620207130909,0.16243112087249756,82,,,,,,,
,31399,0.2550431787967682,0.3286632001399994,0.08897042274475098,0.06011825427412987,0.03410658612847328,0.04094630852341652,0.13464131951332092,82,,,,,,,
,31539,,,,,,,,82,0.2706589996814728,0.3355185389518738,0.07379942387342453,0.036012452095746994,0.018413260579109192,0.02375843934714794,0.1276940256357193
4.15e-06,31540,,,,,,,,,,,,,,,
,31599,0.2442072629928589,0.33646073937416077,0.05235612764954567,0.01805805042386055,0.013353003188967705,0.015164324082434177,0.11326658725738525,83,,,,,,,
,31799,0.24734416604042053,0.36200299859046936,0.111350879073143,0.05378694087266922,0.03771494701504707,0.0530112087726593,0.1442018747329712,83,,,,,,,
,31919,,,,,,,,83,0.2731732726097107,0.3375988304615021,0.07580353319644928,0.03655446693301201,0.018757198005914688,0.024134015664458275,0.13031147420406342
4.2000000000000004e-06,31920,,,,,,,,,,,,,,,
,31999,0.26199033856391907,0.32637977600097656,0.049258504062891006,0.02519158646464348,0.014711444266140461,0.017719415947794914,0.11587517708539963,84,,,,,,,
,32199,0.3116644322872162,0.381136417388916,0.13809826970100403,0.09224367886781693,0.04345317184925079,0.05916086211800575,0.17095947265625,84,,,,,,,
,32299,,,,,,,,84,0.2682104706764221,0.3377234935760498,0.073705293238163,0.03548794612288475,0.0178522951900959,0.02353079989552498,0.126156285405159
4.250000000000001e-06,32300,,,,,,,,,,,,,,,
,32399,0.27076467871665955,0.3318757712841034,0.07234392315149307,0.02846704237163067,0.02193371020257473,0.021497631445527077,0.12448045611381531,85,,,,,,,
,32599,0.248048797249794,0.33531853556632996,0.08685503154993057,0.024728508666157722,0.02091888152062893,0.024790199473500252,0.12344332784414291,85,,,,,,,
,32679,,,,,,,,85,0.27497589588165283,0.3452860713005066,0.08145391941070557,0.03988717123866081,0.020066916942596436,0.026103820651769638,0.13196325302124023
4.2999999999999995e-06,32680,,,,,,,,,,,,,,,
,32799,0.31785592436790466,0.36393144726753235,0.0506494976580143,0.04209974780678749,0.018186911940574646,0.025059154257178307,0.1362971067428589,86,,,,,,,
,32999,0.2841324508190155,0.3633374273777008,0.13377705216407776,0.05866646394133568,0.04732533544301987,0.055694352835416794,0.15715551376342773,86,,,,,,,
,33059,,,,,,,,86,0.2680218815803528,0.3416406810283661,0.07506434619426727,0.03756468743085861,0.019047286361455917,0.02485203742980957,0.128077432513237
4.35e-06,33060,,,,,,,,,,,,,,,
,33199,0.27855587005615234,0.3410346508026123,0.12926463782787323,0.07427683472633362,0.04950980842113495,0.059849075973033905,0.1554151475429535,87,,,,,,,
,33399,0.2895546555519104,0.34423497319221497,0.06853195279836655,0.029462024569511414,0.027393465861678123,0.028391005471348763,0.13126134872436523,87,,,,,,,
,33439,,,,,,,,87,0.2787266671657562,0.34670963883399963,0.07839588075876236,0.03902549669146538,0.01948079653084278,0.025323890149593353,0.13257043063640594
4.4e-06,33440,,,,,,,,,,,,,,,
,33599,0.3150627315044403,0.36506515741348267,0.0781765952706337,0.040535975247621536,0.024823060259222984,0.030618373304605484,0.14238032698631287,88,,,,,,,
,33799,0.2776288092136383,0.38706135749816895,0.13479843735694885,0.07334752380847931,0.0494689904153347,0.058309875428676605,0.16343584656715393,88,,,,,,,
,33819,,,,,,,,88,0.2537508010864258,0.3237941563129425,0.06719597429037094,0.031769149005413055,0.015816466882824898,0.020645035430788994,0.12048282474279404
4.45e-06,33820,,,,,,,,,,,,,,,
,33999,0.3736225664615631,0.4432162344455719,0.1109178364276886,0.06734196096658707,0.033326100558042526,0.0421147421002388,0.17842325568199158,89,,,,,,,
,34199,0.21243146061897278,0.28508323431015015,0.06161138042807579,0.045150719583034515,0.022197412326931953,0.03208427131175995,0.10975974798202515,89,,,,,,,
,34199,,,,,,,,89,0.2692696154117584,0.3334951400756836,0.07548607885837555,0.03604402765631676,0.017276419326663017,0.022877540439367294,0.12672117352485657
4.5e-06,34200,,,,,,,,,,,,,,,
,34399,0.27145490050315857,0.34683457016944885,0.12217051535844803,0.06203075870871544,0.04768407344818115,0.05179963633418083,0.1503290832042694,90,,,,,,,
,34579,,,,,,,,90,0.2715061902999878,0.3368217945098877,0.08324860036373138,0.04206603020429611,0.020309362560510635,0.026957793161273003,0.13265730440616608
4.5500000000000005e-06,34580,,,,,,,,,,,,,,,
,34599,0.17289580404758453,0.2709334194660187,0.027171609923243523,0.014769385568797588,0.010047316551208496,0.011888607405126095,0.08461768925189972,91,,,,,,,
,34799,0.1968483030796051,0.2713415324687958,0.060042854398489,0.019421933218836784,0.013970598578453064,0.018492965027689934,0.09668636322021484,91,,,,,,,
,34959,,,,,,,,91,0.2686004638671875,0.34014061093330383,0.07268022000789642,0.034893229603767395,0.016471676528453827,0.021854933351278305,0.12498220801353455
4.6e-06,34960,,,,,,,,,,,,,,,
,34999,0.2529052197933197,0.32446759939193726,0.07773146778345108,0.03170958533883095,0.018755417317152023,0.023655179888010025,0.12153740972280502,92,,,,,,,
,35199,0.2560967206954956,0.3561348617076874,0.0679168775677681,0.03742930293083191,0.018292393535375595,0.02049616165459156,0.1260610669851303,92,,,,,,,
,35339,,,,,,,,92,0.2608969509601593,0.32659727334976196,0.07358476519584656,0.03687254711985588,0.018844619393348694,0.024500859901309013,0.12432399392127991
4.65e-06,35340,,,,,,,,,,,,,,,
,35399,0.26980099081993103,0.335851788520813,0.031597696244716644,0.02178199216723442,0.013115817680954933,0.016357099637389183,0.11475090682506561,93,,,,,,,
,35599,0.3149338960647583,0.3550098240375519,0.07760760188102722,0.029962509870529175,0.01629837043583393,0.022906551137566566,0.1361197978258133,93,,,,,,,
,35719,,,,,,,,93,0.26190635561943054,0.3323346972465515,0.06774594634771347,0.03233698382973671,0.01691346988081932,0.021364139392971992,0.12201788276433945
4.7e-06,35720,,,,,,,,,,,,,,,
,35799,0.26675206422805786,0.34498801827430725,0.07942596077919006,0.04789769649505615,0.03176836296916008,0.040998730808496475,0.13530513644218445,94,,,,,,,
,35999,0.22259245812892914,0.3033100366592407,0.04811311513185501,0.01568429358303547,0.013367446139454842,0.014451494440436363,0.1029198095202446,94,,,,,,,
,36099,,,,,,,,94,0.27127036452293396,0.33814537525177,0.07244136184453964,0.03499739617109299,0.017976436764001846,0.023266887292265892,0.1269315928220749
4.75e-06,36100,,,,,,,,,,,,,,,
,36199,0.21766650676727295,0.3056947588920593,0.0891927182674408,0.04333021864295006,0.032348502427339554,0.037277329713106155,0.12091834843158722,95,,,,,,,
,36399,0.3366864323616028,0.4291594922542572,0.1543285995721817,0.11474607139825821,0.07164827734231949,0.0963340476155281,0.20048382878303528,95,,,,,,,
,36479,,,,,,,,95,0.27480897307395935,0.3401416540145874,0.07768016308546066,0.03917233645915985,0.020031657069921494,0.025531690567731857,0.12975025177001953
4.800000000000001e-06,36480,,,,,,,,,,,,,,,
,36599,0.25412043929100037,0.3290804624557495,0.06917937844991684,0.04702452942728996,0.030418597161769867,0.04020041972398758,0.1283373087644577,96,,,,,,,
,36799,0.18581658601760864,0.29442521929740906,0.0568062923848629,0.015121657401323318,0.014251181855797768,0.016053490340709686,0.0970790833234787,96,,,,,,,
,36859,,,,,,,,96,0.26590651273727417,0.3316117823123932,0.07446245849132538,0.03583618625998497,0.018077705055475235,0.02328752912580967,0.12627078592777252
4.85e-06,36860,,,,,,,,,,,,,,,
,36999,0.2531164586544037,0.3386588394641876,0.09052544087171555,0.06520147621631622,0.031405963003635406,0.03678468242287636,0.1359488070011139,97,,,,,,,
,37199,0.328482985496521,0.374965637922287,0.07351838797330856,0.04671291634440422,0.02353232353925705,0.03103713132441044,0.14637491106987,97,,,,,,,
,37239,,,,,,,,97,0.26758068799972534,0.3351058065891266,0.07686764001846313,0.037676189094781876,0.01874510943889618,0.02488425374031067,0.12795501947402954
4.9000000000000005e-06,37240,,,,,,,,,,,,,,,
,37399,0.29539671540260315,0.3472203314304352,0.09180039912462234,0.02702448144555092,0.02000710740685463,0.021705353632569313,0.1338590681552887,98,,,,,,,
,37599,0.3251330554485321,0.3853547275066376,0.09921746701002121,0.06795932352542877,0.02948865480720997,0.03907628357410431,0.1577049195766449,98,,,,,,,
,37619,,,,,,,,98,0.27205368876457214,0.33726766705513,0.08178533613681793,0.04107223451137543,0.02085152268409729,0.026680829003453255,0.13138017058372498
4.950000000000001e-06,37620,,,,,,,,,,,,,,,
,37799,0.3066655993461609,0.3760245740413666,0.16162331402301788,0.12234978377819061,0.07794956862926483,0.10249125212430954,0.19118402898311615,99,,,,,,,
,37999,0.2689315974712372,0.3487333357334137,0.10388360917568207,0.048904240131378174,0.03326761722564697,0.03376365453004837,0.13958068192005157,99,,,,,,,
,37999,,,,,,,,99,0.2679104506969452,0.3346319794654846,0.07540662586688995,0.036995891481637955,0.01809093914926052,0.02395109459757805,0.12611505389213562
5e-06,38000,,,,,,,,,,,,,,,
,38199,0.22834910452365875,0.29297056794166565,0.08280262351036072,0.03643787279725075,0.018479647114872932,0.023774439468979836,0.11380237340927124,100,,,,,,,
,38379,,,,,,,,100,0.26162317395210266,0.32748329639434814,0.07027628272771835,0.034234534949064255,0.016693782061338425,0.022284844890236855,0.12305757403373718
5.050000000000001e-06,38380,,,,,,,,,,,,,,,
,38399,0.27702081203460693,0.3461095988750458,0.03990449011325836,0.026182420551776886,0.013397413305938244,0.01607462950050831,0.11978155374526978,101,,,,,,,
,38599,0.280393123626709,0.3703991174697876,0.07443496584892273,0.048808030784130096,0.019578944891691208,0.024503372609615326,0.13635292649269104,101,,,,,,,
,38759,,,,,,,,101,0.2610929608345032,0.3276737928390503,0.06861387193202972,0.0328134223818779,0.015811651945114136,0.020678583532571793,0.12337289750576019
5.1e-06,38760,,,,,,,,,,,,,,,
,38799,0.23928965628147125,0.3035120368003845,0.04900671914219856,0.017569322139024734,0.014262396842241287,0.016311712563037872,0.10665865242481232,102,,,,,,,
,38999,0.31990647315979004,0.41723567247390747,0.13421127200126648,0.0818544551730156,0.05213519185781479,0.07894892990589142,0.18071535229682922,102,,,,,,,
,39139,,,,,,,,102,0.26779627799987793,0.33520936965942383,0.0788935124874115,0.040280431509017944,0.019055480137467384,0.025592874735593796,0.12767894566059113
5.15e-06,39140,,,,,,,,,,,,,,,
,39199,0.27462586760520935,0.36446884274482727,0.047958433628082275,0.018515411764383316,0.013555556535720825,0.014493066817522049,0.12226953357458115,103,,,,,,,
,39399,0.27995458245277405,0.3632994294166565,0.04275542125105858,0.017490075901150703,0.01333703100681305,0.015072043985128403,0.12198477238416672,103,,,,,,,
,39519,,,,,,,,103,0.26118573546409607,0.32872074842453003,0.07028920203447342,0.0340239517390728,0.017602145671844482,0.022745292633771896,0.12114302068948746
5.2e-06,39520,,,,,,,,,,,,,,,
,39599,0.23300208151340485,0.3118065595626831,0.1187402755022049,0.07025415450334549,0.03757181391119957,0.04744464159011841,0.13646993041038513,104,,,,,,,
,39799,0.2940475344657898,0.36099299788475037,0.08628962934017181,0.04639068618416786,0.026820695027709007,0.03684496879577637,0.1418977528810501,104,,,,,,,
,39899,,,,,,,,104,0.2691958248615265,0.33574262261390686,0.07504015415906906,0.036119915544986725,0.01734188012778759,0.022757351398468018,0.12738154828548431
5.25e-06,39900,,,,,,,,,,,,,,,
,39999,0.3139112591743469,0.377204030752182,0.05818348750472069,0.020457834005355835,0.012425274588167667,0.015420914627611637,0.13293379545211792,105,,,,,,,
,40199,0.20407655835151672,0.25453054904937744,0.057988278567790985,0.025168724358081818,0.018614623695611954,0.0223386250436306,0.09711956232786179,105,,,,,,,
,40279,,,,,,,,105,0.26021653413772583,0.32740554213523865,0.06852873414754868,0.03138550743460655,0.015921184793114662,0.02024296671152115,0.12160556018352509
5.3e-06,40280,,,,,,,,,,,,,,,
,40399,0.2941427528858185,0.346270889043808,0.06143590435385704,0.023092975839972496,0.014977478422224522,0.018581291660666466,0.1264168918132782,106,,,,,,,
,40599,0.2331579029560089,0.3121323585510254,0.0406222939491272,0.021108530461788177,0.013436747714877129,0.014025279320776463,0.10574718564748764,106,,,,,,,
,40659,,,,,,,,106,0.2742586135864258,0.34465280175209045,0.08361532539129257,0.04240232706069946,0.02015942521393299,0.027010470628738403,0.1336975246667862
5.3500000000000004e-06,40660,,,,,,,,,,,,,,,
,40799,0.2607628405094147,0.33408287167549133,0.11474229395389557,0.10712029784917831,0.055349063128232956,0.0736457109451294,0.15761718153953552,107,,,,,,,
,40999,0.23984846472740173,0.31129348278045654,0.07653285562992096,0.033564575016498566,0.024572934955358505,0.02447200007736683,0.11838071793317795,107,,,,,,,
,41039,,,,,,,,107,0.2540397644042969,0.3250454068183899,0.06908116489648819,0.03372054919600487,0.016260182484984398,0.021214747801423073,0.11913851648569107
5.4e-06,41040,,,,,,,,,,,,,,,
,41199,0.3223405182361603,0.3715498149394989,0.029627740383148193,0.024127084761857986,0.013417121954262257,0.014052328653633595,0.1291857659816742,108,,,,,,,
,41399,0.3266153335571289,0.3754049837589264,0.09909519553184509,0.05370315909385681,0.03572138771414757,0.04297862574458122,0.15558645129203796,108,,,,,,,
,41419,,,,,,,,108,0.2551106810569763,0.3258117139339447,0.06776698678731918,0.03229806199669838,0.016151774674654007,0.02058139629662037,0.12102977186441422
5.45e-06,41420,,,,,,,,,,,,,,,
,41599,0.23843829333782196,0.32793909311294556,0.07314102351665497,0.028321128338575363,0.014618296176195145,0.017776228487491608,0.11670567840337753,109,,,,,,,
,41799,0.24041078984737396,0.32979050278663635,0.05873158946633339,0.027347249910235405,0.012267273850739002,0.01659710519015789,0.11419074982404709,109,,,,,,,
,41799,,,,,,,,109,0.26041144132614136,0.3241746127605438,0.07276478409767151,0.035685498267412186,0.017339631915092468,0.022197499871253967,0.122727170586586
5.500000000000001e-06,41800,,,,,,,,,,,,,,,
,41999,0.17796269059181213,0.23315979540348053,0.049589093774557114,0.05021053925156593,0.024690518155694008,0.028779273852705956,0.09406532347202301,110,,,,,,,
,42179,,,,,,,,110,0.26175057888031006,0.3286669850349426,0.07059064507484436,0.03325362130999565,0.01601458713412285,0.020913459360599518,0.12175732851028442
5.55e-06,42180,,,,,,,,,,,,,,,
,42199,0.19549919664859772,0.3201677203178406,0.04525158554315567,0.014230567961931229,0.017470182850956917,0.018253235146403313,0.10181208699941635,111,,,,,,,
,42399,0.24531418085098267,0.3310355842113495,0.06448161602020264,0.02253422699868679,0.01773989014327526,0.020549125969409943,0.11694245040416718,111,,,,,,,
,42559,,,,,,,,111,0.2721571624279022,0.34036242961883545,0.07523558288812637,0.03698572516441345,0.01760440692305565,0.02320449985563755,0.1272095888853073
5.600000000000001e-06,42560,,,,,,,,,,,,,,,
,42599,0.2843671143054962,0.3337165415287018,0.06084008142352104,0.03293900936841965,0.01808122731745243,0.016053995117545128,0.12433299422264099,112,,,,,,,
,42799,0.25530779361724854,0.3456408679485321,0.06735840439796448,0.021937593817710876,0.014549719169735909,0.01968614012002945,0.12074675410985947,112,,,,,,,
,42939,,,,,,,,112,0.25790297985076904,0.3264310359954834,0.07465720176696777,0.03700563684105873,0.01722332276403904,0.023099081590771675,0.12401930242776871
5.65e-06,42940,,,,,,,,,,,,,,,
,42999,0.2660505175590515,0.35411083698272705,0.06930333375930786,0.03285309299826622,0.020712148398160934,0.027246790006756783,0.1283794492483139,113,,,,,,,
,43199,0.3501257002353668,0.4077746272087097,0.12069150805473328,0.04876570403575897,0.03067823313176632,0.03811008855700493,0.166024312376976,113,,,,,,,
,43319,,,,,,,,113,0.2683045566082001,0.33317792415618896,0.07325047254562378,0.036684900522232056,0.01745239645242691,0.023817982524633408,0.1249995008111
5.7000000000000005e-06,43320,,,,,,,,,,,,,,,
,43399,0.27711260318756104,0.32070741057395935,0.07076814770698547,0.07064419239759445,0.02778785489499569,0.03635295480489731,0.13389554619789124,114,,,,,,,
,43599,0.2803002893924713,0.3461730182170868,0.08065169304609299,0.03286726400256157,0.018836049363017082,0.026289798319339752,0.13085302710533142,114,,,,,,,
,43699,,,,,,,,114,0.2580123841762543,0.3210136294364929,0.07283364236354828,0.037080343812704086,0.018778687343001366,0.02370406687259674,0.12036904692649841
5.750000000000001e-06,43700,,,,,,,,,,,,,,,
,43799,0.29856157302856445,0.37215113639831543,0.07281694561243057,0.028114520013332367,0.014755329117178917,0.019076993688941002,0.1342460811138153,115,,,,,,,
,43999,0.29206809401512146,0.36608603596687317,0.08812183141708374,0.0423860065639019,0.02782507613301277,0.03634539246559143,0.1421387493610382,115,,,,,,,
,44079,,,,,,,,115,0.265346884727478,0.33262255787849426,0.07156845927238464,0.03445268049836159,0.015598190017044544,0.021050013601779938,0.12455755472183228
5.8e-06,44080,,,,,,,,,,,,,,,
,44199,0.26630768179893494,0.31502658128738403,0.09310553222894669,0.035764701664447784,0.01864791475236416,0.02685149572789669,0.1259506642818451,116,,,,,,,
,44399,0.3248664438724518,0.3406250476837158,0.08065689355134964,0.04668577015399933,0.020635761320590973,0.02650558203458786,0.13999591767787933,116,,,,,,,
,44459,,,,,,,,116,0.26923441886901855,0.33424004912376404,0.07898250222206116,0.03915785998106003,0.01817139983177185,0.024173490703105927,0.1281781643629074
5.850000000000001e-06,44460,,,,,,,,,,,,,,,
,44599,0.31516027450561523,0.42797717452049255,0.09610866755247116,0.06832996755838394,0.04528607055544853,0.04806485399603844,0.1668211668729782,117,,,,,,,
,44799,0.30912691354751587,0.38118794560432434,0.08773043751716614,0.07264842092990875,0.04371228814125061,0.05331892520189285,0.1579541563987732,117,,,,,,,
,44839,,,,,,,,117,0.26612919569015503,0.3304153084754944,0.07554733008146286,0.03761037811636925,0.018226468935608864,0.024098070338368416,0.12408420443534851
5.9e-06,44840,,,,,,,,,,,,,,,
,44999,0.298241525888443,0.36362898349761963,0.08083955943584442,0.03271043300628662,0.02016943134367466,0.02215675823390484,0.13629111647605896,118,,,,,,,
,45199,0.2531721591949463,0.3040061891078949,0.05205840617418289,0.02026580274105072,0.01177365705370903,0.014100568369030952,0.10922946780920029,118,,,,,,,
,45219,,,,,,,,118,0.2606654465198517,0.32433056831359863,0.07246223092079163,0.03579254448413849,0.017402097582817078,0.02284521795809269,0.12382903695106506
5.95e-06,45220,,,,,,,,,,,,,,,
,45399,0.22608299553394318,0.3180982768535614,0.04472851753234863,0.02469000406563282,0.012650004588067532,0.018537059426307678,0.10746447741985321,119,,,,,,,
,45599,0.21891386806964874,0.27894556522369385,0.07325055450201035,0.026882795616984367,0.01703045703470707,0.019954344257712364,0.10582961142063141,119,,,,,,,
,45599,,,,,,,,119,0.24227535724639893,0.31087926030158997,0.06466174870729446,0.030957888811826706,0.015085759572684765,0.02012644149363041,0.11532780528068542
6e-06,45600,,,,,,,,,,,,,,,
,45799,0.32678863406181335,0.3846858739852905,0.13649936020374298,0.0974559560418129,0.05459935963153839,0.07736513763666153,0.17956571280956268,120,,,,,,,
,45979,,,,,,,,120,0.2563583552837372,0.3205369710922241,0.07093082368373871,0.035117972642183304,0.01767699047923088,0.022638510912656784,0.12093997746706009
6.0500000000000005e-06,45980,,,,,,,,,,,,,,,
,45999,0.28190651535987854,0.34004294872283936,0.10710125416517258,0.05524582788348198,0.042720213532447815,0.05182303860783577,0.14647331833839417,121,,,,,,,
,46199,0.1668933629989624,0.23159253597259521,0.04117177426815033,0.015201556496322155,0.011548415757715702,0.012234789319336414,0.07977373898029327,121,,,,,,,
,46359,,,,,,,,121,0.2576512098312378,0.3212321996688843,0.07097964733839035,0.03430886194109917,0.016596652567386627,0.0220931526273489,0.12031759321689606
6.1e-06,46360,,,,,,,,,,,,,,,
,46399,0.2753186821937561,0.3315742313861847,0.05321802943944931,0.020418886095285416,0.014102449640631676,0.013355863280594349,0.11799802631139755,122,,,,,,,
,46599,0.30447182059288025,0.3405541479587555,0.07053766399621964,0.03816944733262062,0.0180270504206419,0.02532039023935795,0.13284675776958466,122,,,,,,,
,46739,,,,,,,,122,0.27406075596809387,0.3335253596305847,0.08422914892435074,0.04469381272792816,0.020206741988658905,0.02751775085926056,0.1309097856283188
6.15e-06,46740,,,,,,,,,,,,,,,
,46799,0.19495494663715363,0.265585720539093,0.053350452333688736,0.03608071431517601,0.02445647120475769,0.027873629704117775,0.10038366168737411,123,,,,,,,
,46999,0.34381526708602905,0.3874676525592804,0.1003970205783844,0.08182084560394287,0.04583914205431938,0.05635972321033478,0.16928327083587646,123,,,,,,,
,47119,,,,,,,,123,0.2508375346660614,0.3120711147785187,0.06954210996627808,0.0340074747800827,0.015071197412908077,0.020686283707618713,0.1176300123333931
6.2e-06,47120,,,,,,,,,,,,,,,
,47199,0.2899785339832306,0.34985584020614624,0.08838632702827454,0.06053948029875755,0.03505342826247215,0.04486025124788284,0.14477896690368652,124,,,,,,,
,47399,0.3215116262435913,0.3858496844768524,0.09376869350671768,0.037901267409324646,0.027681510895490646,0.03269994631409645,0.1499021351337433,124,,,,,,,
,47499,,,,,,,,124,0.2660534381866455,0.3226635456085205,0.07783161103725433,0.039736151695251465,0.01862354204058647,0.025210659950971603,0.12434320151805878
6.25e-06,47500,,,,,,,,,,,,,,,
,47599,0.21162337064743042,0.2873281240463257,0.04774914309382439,0.01765911653637886,0.012215188704431057,0.014685969799757004,0.09854348748922348,125,,,,,,,
,47799,0.3556104302406311,0.4129222333431244,0.16966287791728973,0.0913383886218071,0.06701015681028366,0.07168709486722946,0.19470518827438354,125,,,,,,,
,47879,,,,,,,,125,0.2538284361362457,0.31163010001182556,0.06954804062843323,0.03433261439204216,0.016386402770876884,0.021529825404286385,0.1176479309797287
6.300000000000001e-06,47880,,,,,,,,,,,,,,,
,47999,0.39263173937797546,0.41892609000205994,0.0899219661951065,0.054303135722875595,0.021371563896536827,0.025945032015442848,0.1671832650899887,126,,,,,,,
,48199,0.22101755440235138,0.2780328392982483,0.03740629553794861,0.02380930632352829,0.013898875564336777,0.012575924396514893,0.09779013693332672,126,,,,,,,
,48259,,,,,,,,126,0.2614651024341583,0.3184141516685486,0.07354964315891266,0.034869711846113205,0.017233792692422867,0.023125018924474716,0.12036300450563431
6.35e-06,48260,,,,,,,,,,,,,,,
,48399,0.23450429737567902,0.2720516324043274,0.06208547204732895,0.02959912084043026,0.016233323141932487,0.017658522352576256,0.1053553968667984,127,,,,,,,
,48599,0.17489930987358093,0.2344755232334137,0.05688440427184105,0.023910000920295715,0.012190470471978188,0.016456129029393196,0.08646930754184723,127,,,,,,,
,48639,,,,,,,,127,0.26373663544654846,0.32105955481529236,0.07847754657268524,0.04094576835632324,0.020038845017552376,0.025940807536244392,0.12562164664268494
6.4000000000000006e-06,48640,,,,,,,,,,,,,,,
,48799,0.38528430461883545,0.41850200295448303,0.22446058690547943,0.1178952232003212,0.06705793738365173,0.09019690006971359,0.2172328233718872,128,,,,,,,
,48999,0.2127053141593933,0.2816462814807892,0.02523205429315567,0.015848739072680473,0.0093527901917696,0.010491021908819675,0.09254603087902069,128,,,,,,,
,49019,,,,,,,,128,0.2690345346927643,0.32587331533432007,0.08221220225095749,0.0424644872546196,0.020413005724549294,0.02688145823776722,0.12975457310676575
6.45e-06,49020,,,,,,,,,,,,,,,
,49199,0.19301071763038635,0.22990885376930237,0.05489423871040344,0.017206281423568726,0.011355667375028133,0.016861576586961746,0.08720622956752777,129,,,,,,,
,49399,0.25297558307647705,0.3115993142127991,0.10191120207309723,0.06596449762582779,0.03662899509072304,0.04340295121073723,0.1354137659072876,129,,,,,,,
,49399,,,,,,,,129,0.259342223405838,0.32020291686058044,0.06811791658401489,0.03170350193977356,0.014450623653829098,0.01944134756922722,0.12046343833208084
6.5000000000000004e-06,49400,,,,,,,,,,,,,,,
,49599,0.28940799832344055,0.3412940502166748,0.09987209737300873,0.04299207404255867,0.026541467756032944,0.03522131219506264,0.13922150433063507,130,,,,,,,
,49779,,,,,,,,130,0.24559348821640015,0.30598023533821106,0.061727143824100494,0.02900094725191593,0.013702030293643475,0.018200019374489784,0.11255422979593277
6.550000000000001e-06,49780,,,,,,,,,,,,,,,
,49799,0.3303736746311188,0.4123530685901642,0.11684806644916534,0.09598558396100998,0.0378577746450901,0.05448007211089134,0.17464971542358398,131,,,,,,,
,49999,0.2665537893772125,0.3100753724575043,0.0532447025179863,0.01892869733273983,0.012324681505560875,0.015739604830741882,0.1128111407160759,131,,,,,,,
,50159,,,,,,,,131,0.2514379620552063,0.3108034133911133,0.06919272243976593,0.032416779547929764,0.015329509042203426,0.019856996834278107,0.11654626578092575
6.6e-06,50160,,,,,,,,,,,,,,,
,50199,0.24557727575302124,0.32885968685150146,0.05058721452951431,0.024872928857803345,0.01238973718136549,0.015547161921858788,0.11297233402729034,132,,,,,,,
,50399,0.3911648392677307,0.41332536935806274,0.1724739372730255,0.1092161312699318,0.07075292617082596,0.09357694536447525,0.2084183692932129,132,,,,,,,
,50539,,,,,,,,132,0.2638011574745178,0.3215446174144745,0.07774930447340012,0.03902411833405495,0.018998244777321815,0.025575151666998863,0.12560400366783142
6.650000000000001e-06,50540,,,,,,,,,,,,,,,
,50599,0.2765342593193054,0.3465273082256317,0.18356084823608398,0.1236262172460556,0.0823461264371872,0.1092369481921196,0.18697196245193481,133,,,,,,,
,50799,0.3174871802330017,0.3715072274208069,0.13094528019428253,0.07494474202394485,0.03633898124098778,0.04635106399655342,0.16292908787727356,133,,,,,,,
,50919,,,,,,,,133,0.25694820284843445,0.3108925521373749,0.0726935863494873,0.034685224294662476,0.015329025685787201,0.021275749430060387,0.11901155859231949
6.700000000000001e-06,50920,,,,,,,,,,,,,,,
,50999,0.31630611419677734,0.3594973385334015,0.07105528563261032,0.027542082592844963,0.024634946137666702,0.020760037004947662,0.13663263618946075,134,,,,,,,
,51199,0.20444363355636597,0.285544753074646,0.04849649593234062,0.016456808894872665,0.01507814321666956,0.016367243602871895,0.09773118793964386,134,,,,,,,
,51299,,,,,,,,134,0.26066720485687256,0.3204043507575989,0.07451164722442627,0.03666374087333679,0.016879845410585403,0.02283318340778351,0.12262557446956635
6.750000000000001e-06,51300,,,,,,,,,,,,,,,
,51399,0.2801879644393921,0.3523119390010834,0.07320503890514374,0.054553788155317307,0.026192564517259598,0.03115256503224373,0.13626733422279358,135,,,,,,,
,51599,0.2731953263282776,0.32181990146636963,0.13865220546722412,0.05657518655061722,0.02908960171043873,0.039464063942432404,0.14313271641731262,135,,,,,,,
,51679,,,,,,,,135,0.256552517414093,0.31601202487945557,0.07258852571249008,0.03560872748494148,0.01744307018816471,0.022619932889938354,0.11996413767337799
6.800000000000001e-06,51680,,,,,,,,,,,,,,,
,51799,0.2987007200717926,0.3284183442592621,0.08195514976978302,0.042067453265190125,0.02345658652484417,0.029393430799245834,0.13399861752986908,136,,,,,,,
,51999,0.27888113260269165,0.3381980359554291,0.06648348271846771,0.03474021330475807,0.01791374757885933,0.019760239869356155,0.1259961575269699,136,,,,,,,
,52059,,,,,,,,136,0.2479143887758255,0.3063378930091858,0.07404167950153351,0.037445634603500366,0.01809191145002842,0.024547029286623,0.12042265385389328
6.8500000000000005e-06,52060,,,,,,,,,,,,,,,
,52199,0.2659965455532074,0.330979585647583,0.1252388060092926,0.09266915172338486,0.03951942175626755,0.053035564720630646,0.15123984217643738,137,,,,,,,
,52399,0.2134304940700531,0.28593918681144714,0.03852398693561554,0.015417997725307941,0.011135553009808064,0.0125175965949893,0.09616079926490784,137,,,,,,,
,52439,,,,,,,,137,0.2606331408023834,0.3138328790664673,0.07663432508707047,0.04047151282429695,0.018579933792352676,0.025057965889573097,0.12356673926115036
6.900000000000001e-06,52440,,,,,,,,,,,,,,,
,52599,0.2923891544342041,0.3484143912792206,0.14926642179489136,0.0659661665558815,0.030025579035282135,0.04669973999261856,0.15546023845672607,138,,,,,,,
,52799,0.251281201839447,0.3080887198448181,0.06072384864091873,0.019864864647388458,0.013549176044762135,0.015976091846823692,0.11158065497875214,138,,,,,,,
,52819,,,,,,,,138,0.2538510859012604,0.31234070658683777,0.07160274684429169,0.034835584461688995,0.016945600509643555,0.02237050235271454,0.12069664895534515
6.950000000000001e-06,52820,,,,,,,,,,,,,,,
,52999,0.2500229775905609,0.3311294615268707,0.05044777691364288,0.021901210770010948,0.013981511816382408,0.017513619735836983,0.11416610330343246,139,,,,,,,
,53199,0.37065866589546204,0.4181112051010132,0.17190924286842346,0.10312050580978394,0.05175401270389557,0.07581286132335663,0.19856110215187073,139,,,,,,,
,53199,,,,,,,,139,0.25407329201698303,0.3070424199104309,0.06809394061565399,0.0336238294839859,0.016072040423750877,0.021665893495082855,0.11745889484882355
7.000000000000001e-06,53200,,,,,,,,,,,,,,,
,53399,0.25067803263664246,0.31186074018478394,0.06603124737739563,0.027995208278298378,0.019342923536896706,0.0235611479729414,0.11657822132110596,140,,,,,,,
,53579,,,,,,,,140,0.263335257768631,0.3132261037826538,0.07316691428422928,0.03585753217339516,0.016927529126405716,0.022332068532705307,0.1215309277176857
7.049999999999999e-06,53580,,,,,,,,,,,,,,,
,53599,0.18857713043689728,0.2925557792186737,0.06153516471385956,0.02397918328642845,0.026403170078992844,0.026135176420211792,0.1031976044178009,141,,,,,,,
,53799,0.2544330954551697,0.32961505651474,0.09354795515537262,0.04479418322443962,0.02315007895231247,0.02669653110206127,0.128706157207489,141,,,,,,,
,53959,,,,,,,,141,0.23976102471351624,0.2982856035232544,0.05898498743772507,0.026731275022029877,0.012575764209032059,0.01707974448800087,0.1090359166264534
7.1e-06,53960,,,,,,,,,,,,,,,
,53999,0.3222694396972656,0.3733259439468384,0.11342456936836243,0.05496297776699066,0.028445133939385414,0.03606823831796646,0.15474937856197357,142,,,,,,,
,54199,0.3280072510242462,0.36758625507354736,0.10485076904296875,0.06130443140864372,0.022989222779870033,0.031717706471681595,0.15274260938167572,142,,,,,,,
,54339,,,,,,,,142,0.26704394817352295,0.32243379950523376,0.08070874214172363,0.04029089957475662,0.018283668905496597,0.025024211034178734,0.12510448694229126
7.15e-06,54340,,,,,,,,,,,,,,,
,54399,0.2114698737859726,0.3213210105895996,0.057755451649427414,0.03496894612908363,0.019192015752196312,0.02204635925590992,0.11112561076879501,143,,,,,,,
,54599,0.30294179916381836,0.3360568881034851,0.09426593035459518,0.05349067598581314,0.027274008840322495,0.0391942523419857,0.1422039270401001,143,,,,,,,
,54719,,,,,,,,143,0.2586752474308014,0.3130156099796295,0.0739874467253685,0.03852607309818268,0.018600977957248688,0.02527369000017643,0.12212914973497391
7.2e-06,54720,,,,,,,,,,,,,,,
,54799,0.2482222318649292,0.3327917456626892,0.077696293592453,0.03768223524093628,0.01831117272377014,0.02350705862045288,0.12303511798381805,144,,,,,,,
,54999,0.2168366014957428,0.26821786165237427,0.0667932778596878,0.03455915302038193,0.01760871522128582,0.022958142682909966,0.10449562966823578,144,,,,,,,
,55099,,,,,,,,144,0.25232231616973877,0.30702582001686096,0.0708935484290123,0.03528954088687897,0.015560952015221119,0.021266618743538857,0.11892006546258926
7.25e-06,55100,,,,,,,,,,,,,,,
,55199,0.17010007798671722,0.24301877617835999,0.042110376060009,0.02788633108139038,0.017020689323544502,0.019052905961871147,0.08653151988983154,145,,,,,,,
,55399,0.2956773340702057,0.34074124693870544,0.07666432112455368,0.03521914407610893,0.018318044021725655,0.021824851632118225,0.1314074993133545,145,,,,,,,
,55479,,,,,,,,145,0.25999706983566284,0.31290313601493835,0.07345692813396454,0.03751418739557266,0.01726013980805874,0.023733237758278847,0.1205066591501236
7.2999999999999996e-06,55480,,,,,,,,,,,,,,,
,55599,0.21360991895198822,0.25031089782714844,0.04350319504737854,0.01780378445982933,0.010838349349796772,0.011732641607522964,0.09129979461431503,146,,,,,,,
,55799,0.2431313693523407,0.3129482567310333,0.05638252943754196,0.04110823944211006,0.015057617798447609,0.022421881556510925,0.11517499387264252,146,,,,,,,
,55859,,,,,,,,146,0.25353100895881653,0.3013588786125183,0.07263339310884476,0.034148696810007095,0.016009118407964706,0.02157549187541008,0.11684252321720123
7.35e-06,55860,,,,,,,,,,,,,,,
,55999,0.22214893996715546,0.29378005862236023,0.04439186304807663,0.01831831969320774,0.010034733451902866,0.012732001021504402,0.10023432224988937,147,,,,,,,
,56199,0.26357510685920715,0.33094438910484314,0.05073536932468414,0.028863200917840004,0.01687963493168354,0.0227913036942482,0.11896483600139618,147,,,,,,,
,56239,,,,,,,,147,0.2527198791503906,0.3103395402431488,0.06784158945083618,0.03226187452673912,0.015818919986486435,0.02075224742293358,0.11684638261795044
7.4e-06,56240,,,,,,,,,,,,,,,
,56399,0.3059695065021515,0.3240117132663727,0.06904613226652145,0.03557134419679642,0.01650342531502247,0.020870599895715714,0.1286621242761612,148,,,,,,,
,56599,0.21515437960624695,0.27828624844551086,0.040678735822439194,0.03463644161820412,0.01356138102710247,0.018317699432373047,0.10010581463575363,148,,,,,,,
,56619,,,,,,,,148,0.2594408392906189,0.3085136413574219,0.07214351743459702,0.036000531166791916,0.017365166917443275,0.023599781095981598,0.12126567959785461
7.45e-06,56620,,,,,,,,,,,,,,,
,56799,0.19516372680664062,0.25615978240966797,0.03247559443116188,0.024434439837932587,0.011932517401874065,0.014662576839327812,0.08913810551166534,149,,,,,,,
,56999,0.32965317368507385,0.38176414370536804,0.09635845571756363,0.06675110757350922,0.02676425315439701,0.033877138048410416,0.15586137771606445,149,,,,,,,
,56999,,,,,,,,149,0.24477963149547577,0.29993078112602234,0.06911152601242065,0.034565266221761703,0.016640905290842056,0.022117139771580696,0.11388770490884781
7.5e-06,57000,,,,,,,,,,,,,,,
,57199,0.23894469439983368,0.2840414345264435,0.07604954391717911,0.036732062697410583,0.03940623626112938,0.035042211413383484,0.11836935579776764,150,,,,,,,
,57379,,,,,,,,150,0.26039260625839233,0.313614159822464,0.07508241385221481,0.03831731900572777,0.018086792901158333,0.02447105012834072,0.12180929630994797
7.55e-06,57380,,,,,,,,,,,,,,,
,57399,0.3282544016838074,0.3611690402030945,0.08641970902681351,0.051427580416202545,0.027143094688653946,0.031083885580301285,0.14758294820785522,151,,,,,,,
,57599,0.24491919577121735,0.2926229238510132,0.0458076186478138,0.014055056497454643,0.00889222975820303,0.010152272880077362,0.1027415543794632,151,,,,,,,
,57759,,,,,,,,151,0.24248066544532776,0.2932981550693512,0.06395556032657623,0.031616903841495514,0.015288674272596836,0.020527876913547516,0.1126556470990181
7.6e-06,57760,,,,,,,,,,,,,,,
,57799,0.26820623874664307,0.34577736258506775,0.05211576074361801,0.024545516818761826,0.015929168090224266,0.018423255532979965,0.1208328902721405,152,,,,,,,
,57999,0.2110007405281067,0.26061320304870605,0.040600553154945374,0.015370317734777927,0.011365446262061596,0.011556180194020271,0.09175106883049011,152,,,,,,,
,58139,,,,,,,,152,0.23628629744052887,0.2903253138065338,0.06200728192925453,0.028217582032084465,0.013422753661870956,0.01798325777053833,0.10835523158311844
7.65e-06,58140,,,,,,,,,,,,,,,
,58199,0.27592945098876953,0.34558752179145813,0.07593706250190735,0.057796411216259,0.0385495163500309,0.04753681272268295,0.14022281765937805,153,,,,,,,
,58399,0.2053001970052719,0.2734513580799103,0.057058922946453094,0.038618046790361404,0.01750713773071766,0.023971274495124817,0.10265116393566132,153,,,,,,,
,58519,,,,,,,,153,0.25529715418815613,0.3059764802455902,0.07832060009241104,0.04153451323509216,0.01938387006521225,0.02615571953356266,0.12169808894395828
7.7e-06,58520,,,,,,,,,,,,,,,
,58599,0.21826152503490448,0.265028178691864,0.029415221884846687,0.014244327321648598,0.014278006739914417,0.01514444500207901,0.0927286148071289,154,,,,,,,
,58799,0.27979210019111633,0.30061736702919006,0.0812489315867424,0.04845357686281204,0.023352516815066338,0.029625432565808296,0.12718166410923004,154,,,,,,,
,58899,,,,,,,,154,0.2473750114440918,0.3009757995605469,0.06767009198665619,0.03416856750845909,0.016326190903782845,0.021763145923614502,0.11473777890205383
7.75e-06,58900,,,,,,,,,,,,,,,
,58999,0.2721189856529236,0.31532078981399536,0.11956046521663666,0.050242360681295395,0.026582207530736923,0.03651072084903717,0.136722594499588,155,,,,,,,
,59199,0.24894024431705475,0.31448492407798767,0.07374771684408188,0.02475489117205143,0.015511387959122658,0.017149467021226883,0.11576478183269501,155,,,,,,,
,59279,,,,,,,,155,0.25637224316596985,0.309651255607605,0.0701533704996109,0.033880945295095444,0.015786614269018173,0.02176077663898468,0.11848768591880798
7.8e-06,59280,,,,,,,,,,,,,,,
,59399,0.24556046724319458,0.3064996302127838,0.07580281049013138,0.03626935929059982,0.01730075292289257,0.02378278784453869,0.11753597110509872,156,,,,,,,
,59599,0.3042460083961487,0.32672274112701416,0.08361422270536423,0.032991692423820496,0.019968323409557343,0.030387261882424355,0.13298839330673218,156,,,,,,,
,59659,,,,,,,,156,0.24461381137371063,0.2992495596408844,0.06302152574062347,0.02943040430545807,0.014146750792860985,0.018789414316415787,0.11140841245651245
7.850000000000001e-06,59660,,,,,,,,,,,,,,,
,59799,0.23009702563285828,0.3122192621231079,0.07754276692867279,0.02955159917473793,0.022699709981679916,0.01978202536702156,0.11531540006399155,157,,,,,,,
,59999,0.2138928472995758,0.2520384192466736,0.0685751810669899,0.03587784618139267,0.018044304102659225,0.019955329596996307,0.1013973280787468,157,,,,,,,
,60039,,,,,,,,157,0.2505074441432953,0.3025065064430237,0.07353072613477707,0.03770216554403305,0.01798023097217083,0.024156836792826653,0.11866496503353119
7.9e-06,60040,,,,,,,,,,,,,,,
,60199,0.2756456434726715,0.3338375389575958,0.10181570798158646,0.06926491111516953,0.0355411060154438,0.042159534990787506,0.14304408431053162,158,,,,,,,
,60399,0.3070066273212433,0.36957716941833496,0.1430967152118683,0.07890696823596954,0.034468378871679306,0.05384524539113045,0.16448353230953217,158,,,,,,,
,60419,,,,,,,,158,0.25592878460884094,0.30636563897132874,0.07115210592746735,0.03312976658344269,0.014780101366341114,0.020645424723625183,0.1172666847705841
7.95e-06,60420,,,,,,,,,,,,,,,
,60599,0.3110639154911041,0.35385018587112427,0.11356893181800842,0.041495513170957565,0.023527953773736954,0.03343014791607857,0.14615611732006073,159,,,,,,,
,60799,0.19515298306941986,0.28230416774749756,0.04653071612119675,0.04452289640903473,0.024065343663096428,0.03030775859951973,0.10381397604942322,159,,,,,,,
,60799,,,,,,,,159,0.24544315040111542,0.2987154424190521,0.06488857418298721,0.030472829937934875,0.014018876478075981,0.019515385851264,0.1129557192325592
8.000000000000001e-06,60800,,,,,,,,,,,,,,,
,60999,0.18839971721172333,0.2554517686367035,0.03231991082429886,0.014654104597866535,0.009685341268777847,0.009870699606835842,0.08506359159946442,160,,,,,,,
,61179,,,,,,,,160,0.2438690960407257,0.2965344786643982,0.06714590638875961,0.032408036291599274,0.014595459215342999,0.02020406909286976,0.11406642198562622
8.050000000000001e-06,61180,,,,,,,,,,,,,,,
,61199,0.2594064474105835,0.3159443438053131,0.07462593913078308,0.03837607800960541,0.025097664445638657,0.034402042627334595,0.12464208900928497,161,,,,,,,
,61399,0.26885566115379333,0.32564955949783325,0.0570734478533268,0.013451815582811832,0.01200683694332838,0.011422938667237759,0.11474338173866272,161,,,,,,,
,61559,,,,,,,,161,0.24601033329963684,0.2967040538787842,0.066563181579113,0.03336610272526741,0.014499248005449772,0.020364325493574142,0.11375124007463455
8.1e-06,61560,,,,,,,,,,,,,,,
,61599,0.3274710476398468,0.3505001664161682,0.1392747014760971,0.07329319417476654,0.03248567134141922,0.04715724289417267,0.16169701516628265,162,,,,,,,
,61799,0.2552779018878937,0.3005223572254181,0.047947272658348083,0.02735338918864727,0.014461411163210869,0.017097029834985733,0.11044323444366455,162,,,,,,,
,61939,,,,,,,,162,0.2511543333530426,0.30145058035850525,0.06844697892665863,0.032534997910261154,0.013576474972069263,0.01936870999634266,0.11390935629606247
8.15e-06,61940,,,,,,,,,,,,,,,
,61999,0.2524999976158142,0.28837668895721436,0.10794305801391602,0.06767687201499939,0.04497753083705902,0.05342978239059448,0.13581733405590057,163,,,,,,,
,62199,0.2374362051486969,0.29162082076072693,0.09869564324617386,0.06758556514978409,0.03609766438603401,0.04209340363740921,0.12892155349254608,163,,,,,,,
,62319,,,,,,,,163,0.2520531415939331,0.30271363258361816,0.07421959191560745,0.036168377846479416,0.017220644280314445,0.023411398753523827,0.11726030707359314
8.200000000000001e-06,62320,,,,,,,,,,,,,,,
,62399,0.2670019268989563,0.32707545161247253,0.07097833603620529,0.02791481465101242,0.015847062692046165,0.018076516687870026,0.12114902585744858,164,,,,,,,
,62599,0.2504188120365143,0.3182889521121979,0.06925216317176819,0.03510621562600136,0.014359550550580025,0.018324347212910652,0.11762501299381256,164,,,,,,,
,62699,,,,,,,,164,0.24668508768081665,0.298721581697464,0.06620905548334122,0.033203836530447006,0.016348520293831825,0.021665416657924652,0.11280614882707596
8.25e-06,62700,,,,,,,,,,,,,,,
,62799,0.3001488447189331,0.32680660486221313,0.059640560299158096,0.015644878149032593,0.015498960390686989,0.017224183306097984,0.12249400466680527,165,,,,,,,
,62999,0.24000932276248932,0.29693758487701416,0.06528285145759583,0.03223508968949318,0.028258416801691055,0.025722285732626915,0.11474093049764633,165,,,,,,,
,63079,,,,,,,,165,0.23564916849136353,0.2897856533527374,0.06294217705726624,0.030748387798666954,0.014780152589082718,0.019838642328977585,0.11015632003545761
8.3e-06,63080,,,,,,,,,,,,,,,
,63199,0.27614209055900574,0.35089200735092163,0.07517106086015701,0.023702852427959442,0.01495144423097372,0.020174307748675346,0.12683895230293274,166,,,,,,,
,63399,0.24931693077087402,0.2952026128768921,0.05027713254094124,0.03591197729110718,0.03087250143289566,0.03543472662568092,0.11616930365562439,166,,,,,,,
,63459,,,,,,,,166,0.2508939504623413,0.30296656489372253,0.06820571422576904,0.03405708819627762,0.015618271194398403,0.02183898538351059,0.11569467931985855
8.350000000000001e-06,63460,,,,,,,,,,,,,,,
,63599,0.2940810024738312,0.36019402742385864,0.09045672416687012,0.06270316988229752,0.0328061543405056,0.048336904495954514,0.14809632301330566,167,,,,,,,
,63799,0.2954895794391632,0.34998512268066406,0.10077600181102753,0.03829130902886391,0.019618142396211624,0.02534111589193344,0.1382502168416977,167,,,,,,,
,63839,,,,,,,,167,0.24579058587551117,0.2964934706687927,0.06843745708465576,0.03484828770160675,0.016730740666389465,0.02220837213099003,0.11541669070720673
8.400000000000001e-06,63840,,,,,,,,,,,,,,,
,63999,0.25444740056991577,0.3157062232494354,0.0635790005326271,0.05974792316555977,0.023291556164622307,0.036135200411081314,0.12548455595970154,168,,,,,,,
,64199,0.2827204167842865,0.33890026807785034,0.05715472996234894,0.031126830726861954,0.017182055860757828,0.023678520694375038,0.1251271367073059,168,,,,,,,
,64219,,,,,,,,168,0.24465739727020264,0.295167475938797,0.06291213631629944,0.029063768684864044,0.01445001270622015,0.019209079444408417,0.1125439703464508
8.45e-06,64220,,,,,,,,,,,,,,,
,64399,0.30107492208480835,0.34118133783340454,0.10486535727977753,0.05243157595396042,0.034622978419065475,0.042656060308218,0.14613871276378632,169,,,,,,,
,64599,0.29633283615112305,0.3588077425956726,0.11221689730882645,0.09231224656105042,0.0344056598842144,0.05350944772362709,0.15793082118034363,169,,,,,,,
,64599,,,,,,,,169,0.25187039375305176,0.3041648864746094,0.07174627482891083,0.0347154401242733,0.01678680069744587,0.022506635636091232,0.11803407967090607
8.500000000000002e-06,64600,,,,,,,,,,,,,,,
,64799,0.3034304082393646,0.3345571756362915,0.09407056123018265,0.04795170575380325,0.021850135177373886,0.027416476979851723,0.13821274042129517,170,,,,,,,
,64979,,,,,,,,170,0.2486627846956253,0.30012089014053345,0.0689341276884079,0.034770287573337555,0.016495035961270332,0.0220992062240839,0.11573201417922974
8.550000000000001e-06,64980,,,,,,,,,,,,,,,
,64999,0.24827264249324799,0.3074653744697571,0.06476794183254242,0.019969984889030457,0.01381091307848692,0.013778787106275558,0.11134427785873413,171,,,,,,,
,65199,0.19327273964881897,0.23148606717586517,0.07074106484651566,0.03300637751817703,0.018384447321295738,0.021671369671821594,0.09476034343242645,171,,,,,,,
,65359,,,,,,,,171,0.24059002101421356,0.29275164008140564,0.06631679832935333,0.032968513667583466,0.01470748707652092,0.02067306451499462,0.11152192205190659
8.599999999999999e-06,65360,,,,,,,,,,,,,,,
,65399,0.20502948760986328,0.27287763357162476,0.038884107023477554,0.014618570916354656,0.01398315466940403,0.014803552068769932,0.09336608648300171,172,,,,,,,
,65599,0.2673734426498413,0.3211207985877991,0.07075535506010056,0.03589768335223198,0.015483999624848366,0.021039577201008797,0.12194514274597168,172,,,,,,,
,65739,,,,,,,,172,0.2645750641822815,0.31328606605529785,0.0787755474448204,0.0417201966047287,0.019958166405558586,0.02678334340453148,0.12370773404836655
8.65e-06,65740,,,,,,,,,,,,,,,
,65799,0.24411144852638245,0.27682408690452576,0.050659555941820145,0.02076556347310543,0.013695127330720425,0.01704934984445572,0.10385085642337799,173,,,,,,,
,65999,0.21495550870895386,0.26795846223831177,0.06796611100435257,0.02935158647596836,0.012596484273672104,0.016672946512699127,0.10158352553844452,173,,,,,,,
,66119,,,,,,,,173,0.2427920550107956,0.2942836880683899,0.07095757871866226,0.03645973280072212,0.018001485615968704,0.023701466619968414,0.11518675088882446
8.7e-06,66120,,,,,,,,,,,,,,,
,66199,0.24195878207683563,0.28772369027137756,0.056143954396247864,0.02186242677271366,0.01458168588578701,0.01671963557600975,0.1064983606338501,174,,,,,,,
,66399,0.25088587403297424,0.2750362455844879,0.05262231081724167,0.01838267780840397,0.013590301387012005,0.014359286986291409,0.10414612293243408,174,,,,,,,
,66499,,,,,,,,174,0.24563777446746826,0.3005051910877228,0.06992476433515549,0.035291146486997604,0.017325270920991898,0.02318597584962845,0.11568988859653473
8.75e-06,66500,,,,,,,,,,,,,,,
,66599,0.32608675956726074,0.35711202025413513,0.12734593451023102,0.04091338440775871,0.022842975333333015,0.029306652024388313,0.15060129761695862,175,,,,,,,
,66799,0.259840726852417,0.32354897260665894,0.08375289291143417,0.04005488008260727,0.02737467922270298,0.03730371594429016,0.12864598631858826,175,,,,,,,
,66879,,,,,,,,175,0.25171735882759094,0.302945613861084,0.07571537792682648,0.038805294781923294,0.019375208765268326,0.025417044758796692,0.11812666803598404
8.8e-06,66880,,,,,,,,,,,,,,,
,66999,0.2207556962966919,0.2757803201675415,0.07894822955131531,0.042641833424568176,0.03325158357620239,0.04081866145133972,0.11536605656147003,176,,,,,,,
,67199,0.2286582589149475,0.28572574257850647,0.09905848652124405,0.05874887481331825,0.042524710297584534,0.04882965236902237,0.12725761532783508,176,,,,,,,
,67259,,,,,,,,176,0.23888210952281952,0.29237014055252075,0.06523793935775757,0.0317971371114254,0.01552779320627451,0.020611010491847992,0.11086568236351013
8.85e-06,67260,,,,,,,,,,,,,,,
,67399,0.19921360909938812,0.2386728674173355,0.038128141313791275,0.027831735089421272,0.016245238482952118,0.01464125607162714,0.08912214636802673,177,,,,,,,
,67599,0.21068225800991058,0.2757749855518341,0.03842673823237419,0.02059321291744709,0.014409265480935574,0.01477882731705904,0.09577755630016327,177,,,,,,,
,67639,,,,,,,,177,0.2433287501335144,0.29750481247901917,0.06909134238958359,0.03599562868475914,0.01695936918258667,0.022775238379836082,0.11471549421548843
8.9e-06,67640,,,,,,,,,,,,,,,
,67799,0.2128804624080658,0.26416394114494324,0.04336687922477722,0.015863966196775436,0.01080762967467308,0.013231247663497925,0.09338568896055222,178,,,,,,,
,67999,0.3196638822555542,0.3487040400505066,0.07518424093723297,0.05985246226191521,0.027917752042412758,0.04147333279252052,0.14546595513820648,178,,,,,,,
,68019,,,,,,,,178,0.25126126408576965,0.30364853143692017,0.07181116193532944,0.03709011897444725,0.017973702400922775,0.02396663837134838,0.11769887804985046
8.95e-06,68020,,,,,,,,,,,,,,,
,68199,0.29405754804611206,0.3152865171432495,0.11021032184362411,0.051799289882183075,0.022307008504867554,0.033364616334438324,0.13783755898475647,179,,,,,,,
,68399,0.25424352288246155,0.30485838651657104,0.08305780589580536,0.056159742176532745,0.02137620560824871,0.03241189941763878,0.12535126507282257,179,,,,,,,
,68399,,,,,,,,179,0.2516498863697052,0.30340391397476196,0.07172134518623352,0.034497134387493134,0.016401004046201706,0.022196240723133087,0.11652161180973053
9e-06,68400,,,,,,,,,,,,,,,
,68599,0.23814727365970612,0.26759544014930725,0.04076379910111427,0.012594292871654034,0.01113184168934822,0.01182488538324833,0.0970095843076706,180,,,,,,,
,68779,,,,,,,,180,0.24714471399784088,0.3000454306602478,0.06872938573360443,0.03533364459872246,0.016286011785268784,0.02294265665113926,0.11508341133594513
9.05e-06,68780,,,,,,,,,,,,,,,
,68799,0.2139919400215149,0.2549673914909363,0.060495562851428986,0.027402793988585472,0.01573355123400688,0.020167360082268715,0.09879310429096222,181,,,,,,,
,68999,0.2708471715450287,0.31293824315071106,0.08016504347324371,0.05742958188056946,0.036896396428346634,0.04326412081718445,0.13359010219573975,181,,,,,,,
,69159,,,,,,,,181,0.24950210750102997,0.3001435101032257,0.0708998441696167,0.03753882274031639,0.018936844542622566,0.02514246664941311,0.11600333452224731
9.100000000000001e-06,69160,,,,,,,,,,,,,,,
,69199,0.2321041077375412,0.2723160982131958,0.07232966274023056,0.023709293454885483,0.013643809594213963,0.018173417076468468,0.10537940263748169,182,,,,,,,
,69399,0.31114107370376587,0.3766828179359436,0.13762211799621582,0.06572748720645905,0.04420939087867737,0.060794487595558167,0.16602955758571625,182,,,,,,,
,69539,,,,,,,,182,0.2518554925918579,0.3024353086948395,0.06625164300203323,0.030447548255324364,0.014403678476810455,0.019912535324692726,0.11525783687829971
9.15e-06,69540,,,,,,,,,,,,,,,
,69599,0.29218992590904236,0.3410091698169708,0.08344510942697525,0.03276405856013298,0.013879776000976562,0.016752509400248528,0.13000676035881042,183,,,,,,,
,69799,0.17808449268341064,0.2626361548900604,0.03976708650588989,0.014186344109475613,0.008935471996665001,0.010570747777819633,0.08569671213626862,183,,,,,,,
,69919,,,,,,,,183,0.2553768455982208,0.30487334728240967,0.0682234987616539,0.032987628132104874,0.0160549134016037,0.02181568183004856,0.11838458478450775
9.2e-06,69920,,,,,,,,,,,,,,,
,69999,0.36190328001976013,0.39245542883872986,0.08329746127128601,0.04318040609359741,0.021950164809823036,0.026663145050406456,0.15490832924842834,184,,,,,,,
,70199,0.238883838057518,0.28186559677124023,0.058653514832258224,0.03578805923461914,0.020514830946922302,0.026242151856422424,0.1103246733546257,184,,,,,,,
,70299,,,,,,,,184,0.2397778183221817,0.2930046021938324,0.06391949206590652,0.03220279514789581,0.01599007099866867,0.021415578201413155,0.11239912360906601
9.25e-06,70300,,,,,,,,,,,,,,,
,70399,0.277194619178772,0.3190481662750244,0.0901571661233902,0.0366811603307724,0.024345990270376205,0.026145488023757935,0.1289287656545639,185,,,,,,,
